model,bearing_id,policy,required_lead_hours,failure_cost_ratio,action,actual_lead_hours,too_late,unused_life_fraction,loss
attention,B02,point,0.5,5,True,0.8072222222222223,False,0.05469561347114388,0.05469561347114388
attention,B02,point,0.5,10,True,0.8072222222222223,False,0.05469561347114388,0.05469561347114388
attention,B02,point,0.5,20,True,0.8072222222222223,False,0.05469561347114388,0.05469561347114388
attention,B02,lower_bound,0.5,5,True,1.9283333333333328,False,0.2542900944562583,0.2542900944562583
attention,B02,lower_bound,0.5,10,True,1.9283333333333328,False,0.2542900944562583,0.2542900944562583
attention,B02,lower_bound,0.5,20,True,1.9283333333333328,False,0.2542900944562583,0.2542900944562583
attention,B02,point,1.0,5,True,1.1311111111111112,False,0.023342070125117464,0.023342070125117464
attention,B02,point,1.0,10,True,1.1311111111111112,False,0.023342070125117464,0.023342070125117464
attention,B02,point,1.0,20,True,1.1311111111111112,False,0.023342070125117464,0.023342070125117464
attention,B02,lower_bound,1.0,5,True,2.640833333333333,False,0.29212205133277286,0.29212205133277286
attention,B02,lower_bound,1.0,10,True,2.640833333333333,False,0.29212205133277286,0.29212205133277286
attention,B02,lower_bound,1.0,20,True,2.640833333333333,False,0.29212205133277286,0.29212205133277286
attention,B02,point,2.0,5,True,1.2675,True,0.0,5.0
attention,B02,point,2.0,10,True,1.2675,True,0.0,10.0
attention,B02,point,2.0,20,True,1.2675,True,0.0,20.0
attention,B02,lower_bound,2.0,5,True,3.3488888888888884,False,0.2401463824736659,0.2401463824736659
attention,B02,lower_bound,2.0,10,True,3.3488888888888884,False,0.2401463824736659,0.2401463824736659
attention,B02,lower_bound,2.0,20,True,3.3488888888888884,False,0.2401463824736659,0.2401463824736659
attention,B03,point,0.5,5,True,0.0722222222222224,True,0.0,5.0
attention,B03,point,0.5,10,True,0.0722222222222224,True,0.0,10.0
attention,B03,point,0.5,20,True,0.0722222222222224,True,0.0,20.0
attention,B03,lower_bound,0.5,5,True,3.205555555555556,False,0.8413233134663559,0.8413233134663559
attention,B03,lower_bound,0.5,10,True,3.205555555555556,False,0.8413233134663559,0.8413233134663559
attention,B03,lower_bound,0.5,20,True,3.205555555555556,False,0.8413233134663559,0.8413233134663559
attention,B03,point,1.0,5,True,0.1491666666666664,True,0.0,5.0
attention,B03,point,1.0,10,True,0.1491666666666664,True,0.0,10.0
attention,B03,point,1.0,20,True,0.1491666666666664,True,0.0,20.0
attention,B03,lower_bound,1.0,5,True,3.2158333333333333,False,0.6890386110391293,0.6890386110391293
attention,B03,lower_bound,1.0,10,True,3.2158333333333333,False,0.6890386110391293,0.6890386110391293
attention,B03,lower_bound,1.0,20,True,3.2158333333333333,False,0.6890386110391293,0.6890386110391293
attention,B03,point,2.0,5,True,0.4336111111111109,True,0.0,5.0
attention,B03,point,2.0,10,True,0.4336111111111109,True,0.0,10.0
attention,B03,point,2.0,20,True,0.4336111111111109,True,0.0,20.0
attention,B03,lower_bound,2.0,5,True,3.2158333333333333,False,0.3780772220782586,0.3780772220782586
attention,B03,lower_bound,2.0,10,True,3.2158333333333333,False,0.3780772220782586,0.3780772220782586
attention,B03,lower_bound,2.0,20,True,3.2158333333333333,False,0.3780772220782586,0.3780772220782586
attention,B04,point,0.5,5,True,1.4780555555555557,False,0.17168072553513095,0.17168072553513095
attention,B04,point,0.5,10,True,1.4780555555555557,False,0.17168072553513095,0.17168072553513095
attention,B04,point,0.5,20,True,1.4780555555555557,False,0.17168072553513095,0.17168072553513095
attention,B04,lower_bound,0.5,5,True,5.696944444444444,False,0.9122336535179677,0.9122336535179677
attention,B04,lower_bound,0.5,10,True,5.696944444444444,False,0.9122336535179677,0.9122336535179677
attention,B04,lower_bound,0.5,20,True,5.696944444444444,False,0.9122336535179677,0.9122336535179677
attention,B04,point,1.0,5,True,3.310277777777777,False,0.4055292798283679,0.4055292798283679
attention,B04,point,1.0,10,True,3.310277777777777,False,0.4055292798283679,0.4055292798283679
attention,B04,point,1.0,20,True,3.310277777777777,False,0.4055292798283679,0.4055292798283679
attention,B04,lower_bound,1.0,5,True,5.696944444444444,False,0.8244673070359354,0.8244673070359354
attention,B04,lower_bound,1.0,10,True,5.696944444444444,False,0.8244673070359354,0.8244673070359354
attention,B04,lower_bound,1.0,20,True,5.696944444444444,False,0.8244673070359354,0.8244673070359354
attention,B04,point,2.0,5,True,3.400555555555555,False,0.24584328831244812,0.24584328831244812
attention,B04,point,2.0,10,True,3.400555555555555,False,0.24584328831244812,0.24584328831244812
attention,B04,point,2.0,20,True,3.400555555555555,False,0.24584328831244812,0.24584328831244812
attention,B04,lower_bound,2.0,5,True,5.696944444444444,False,0.6489346140718709,0.6489346140718709
attention,B04,lower_bound,2.0,10,True,5.696944444444444,False,0.6489346140718709,0.6489346140718709
attention,B04,lower_bound,2.0,20,True,5.696944444444444,False,0.6489346140718709,0.6489346140718709
attention,B08,point,0.5,5,True,1.3550000000000004,False,0.08047479606776829,0.08047479606776829
attention,B08,point,0.5,10,True,1.3550000000000004,False,0.08047479606776829,0.08047479606776829
attention,B08,point,0.5,20,True,1.3550000000000004,False,0.08047479606776829,0.08047479606776829
attention,B08,lower_bound,0.5,5,True,10.624444444444444,False,0.9529387157498431,0.9529387157498431
attention,B08,lower_bound,0.5,10,True,10.624444444444444,False,0.9529387157498431,0.9529387157498431
attention,B08,lower_bound,0.5,20,True,10.624444444444444,False,0.9529387157498431,0.9529387157498431
attention,B08,point,1.0,5,True,2.455277777777777,False,0.13697448232587317,0.13697448232587317
attention,B08,point,1.0,10,True,2.455277777777777,False,0.13697448232587317,0.13697448232587317
attention,B08,point,1.0,20,True,2.455277777777777,False,0.13697448232587317,0.13697448232587317
attention,B08,lower_bound,1.0,5,True,10.624444444444444,False,0.9058774314996862,0.9058774314996862
attention,B08,lower_bound,1.0,10,True,10.624444444444444,False,0.9058774314996862,0.9058774314996862
attention,B08,lower_bound,1.0,20,True,10.624444444444444,False,0.9058774314996862,0.9058774314996862
attention,B08,point,2.0,5,True,8.435555555555556,False,0.6057310186153525,0.6057310186153525
attention,B08,point,2.0,10,True,8.435555555555556,False,0.6057310186153525,0.6057310186153525
attention,B08,point,2.0,20,True,8.435555555555556,False,0.6057310186153525,0.6057310186153525
attention,B08,lower_bound,2.0,5,True,10.624444444444444,False,0.8117548629993725,0.8117548629993725
attention,B08,lower_bound,2.0,10,True,10.624444444444444,False,0.8117548629993725,0.8117548629993725
attention,B08,lower_bound,2.0,20,True,10.624444444444444,False,0.8117548629993725,0.8117548629993725
attention,B10,point,0.5,5,True,1.8477777777777789,False,0.07095123199532066,0.07095123199532066
attention,B10,point,0.5,10,True,1.8477777777777789,False,0.07095123199532066,0.07095123199532066
attention,B10,point,0.5,20,True,1.8477777777777789,False,0.07095123199532066,0.07095123199532066
attention,B10,lower_bound,0.5,5,True,18.92805555555556,False,0.9701104043284348,0.9701104043284348
attention,B10,lower_bound,0.5,10,True,18.92805555555556,False,0.9701104043284348,0.9701104043284348
attention,B10,lower_bound,0.5,20,True,18.92805555555556,False,0.9701104043284348,0.9701104043284348
attention,B10,point,1.0,5,True,5.363611111111112,False,0.2297141185932588,0.2297141185932588
attention,B10,point,1.0,10,True,5.363611111111112,False,0.2297141185932588,0.2297141185932588
attention,B10,point,1.0,20,True,5.363611111111112,False,0.2297141185932588,0.2297141185932588
attention,B10,lower_bound,1.0,5,True,18.9925,False,0.9471813994296995,0.9471813994296995
attention,B10,lower_bound,1.0,10,True,18.9925,False,0.9471813994296995,0.9471813994296995
attention,B10,lower_bound,1.0,20,True,18.9925,False,0.9471813994296995,0.9471813994296995
attention,B10,point,2.0,5,True,8.897222222222222,False,0.3630913211961687,0.3630913211961687
attention,B10,point,2.0,10,True,8.897222222222222,False,0.3630913211961687,0.3630913211961687
attention,B10,point,2.0,20,True,8.897222222222222,False,0.3630913211961687,0.3630913211961687
attention,B10,lower_bound,2.0,5,True,18.995833333333334,False,0.8947137530160123,0.8947137530160123
attention,B10,lower_bound,2.0,10,True,18.995833333333334,False,0.8947137530160123,0.8947137530160123
attention,B10,lower_bound,2.0,20,True,18.995833333333334,False,0.8947137530160123,0.8947137530160123
attention,B11,point,0.5,5,True,0.4430555555555546,True,0.0,5.0
attention,B11,point,0.5,10,True,0.4430555555555546,True,0.0,10.0
attention,B11,point,0.5,20,True,0.4430555555555546,True,0.0,20.0
attention,B11,lower_bound,0.5,5,True,5.5730555555555545,False,0.573784913129536,0.573784913129536
attention,B11,lower_bound,0.5,10,True,5.5730555555555545,False,0.573784913129536,0.573784913129536
attention,B11,lower_bound,0.5,20,True,5.5730555555555545,False,0.573784913129536,0.573784913129536
attention,B11,point,1.0,5,True,1.2402777777777771,False,0.027176474284457502,0.027176474284457502
attention,B11,point,1.0,10,True,1.2402777777777771,False,0.027176474284457502,0.027176474284457502
attention,B11,point,1.0,20,True,1.2402777777777771,False,0.027176474284457502,0.027176474284457502
attention,B11,lower_bound,1.0,5,True,5.593611111111111,False,0.5195576361180055,0.5195576361180055
attention,B11,lower_bound,1.0,10,True,5.593611111111111,False,0.5195576361180055,0.5195576361180055
attention,B11,lower_bound,1.0,20,True,5.593611111111111,False,0.5195576361180055,0.5195576361180055
attention,B11,point,2.0,5,True,5.259722222222221,False,0.36868893147758325,0.36868893147758325
attention,B11,point,2.0,10,True,5.259722222222221,False,0.36868893147758325,0.36868893147758325
attention,B11,point,2.0,20,True,5.259722222222221,False,0.36868893147758325,0.36868893147758325
attention,B11,lower_bound,2.0,5,True,5.604444444444443,False,0.40767853215620964,0.40767853215620964
attention,B11,lower_bound,2.0,10,True,5.604444444444443,False,0.40767853215620964,0.40767853215620964
attention,B11,lower_bound,2.0,20,True,5.604444444444443,False,0.40767853215620964,0.40767853215620964
attention,B12,point,0.5,5,True,0.939722222222222,False,0.17244008714596942,0.17244008714596942
attention,B12,point,0.5,10,True,0.939722222222222,False,0.17244008714596942,0.17244008714596942
attention,B12,point,0.5,20,True,0.939722222222222,False,0.17244008714596942,0.17244008714596942
attention,B12,lower_bound,0.5,5,True,2.326388888888889,False,0.7162309368191722,0.7162309368191722
attention,B12,lower_bound,0.5,10,True,2.326388888888889,False,0.7162309368191722,0.7162309368191722
attention,B12,lower_bound,0.5,20,True,2.326388888888889,False,0.7162309368191722,0.7162309368191722
attention,B12,point,1.0,5,True,2.113611111111111,False,0.43671023965141614,0.43671023965141614
attention,B12,point,1.0,10,True,2.113611111111111,False,0.43671023965141614,0.43671023965141614
attention,B12,point,1.0,20,True,2.113611111111111,False,0.43671023965141614,0.43671023965141614
attention,B12,lower_bound,1.0,5,True,2.349722222222222,False,0.5293028322440086,0.5293028322440086
attention,B12,lower_bound,1.0,10,True,2.349722222222222,False,0.5293028322440086,0.5293028322440086
attention,B12,lower_bound,1.0,20,True,2.349722222222222,False,0.5293028322440086,0.5293028322440086
attention,B12,point,2.0,5,True,2.326388888888889,False,0.12799564270152505,0.12799564270152505
attention,B12,point,2.0,10,True,2.326388888888889,False,0.12799564270152505,0.12799564270152505
attention,B12,point,2.0,20,True,2.326388888888889,False,0.12799564270152505,0.12799564270152505
attention,B12,lower_bound,2.0,5,True,2.349722222222222,False,0.13714596949891053,0.13714596949891053
attention,B12,lower_bound,2.0,10,True,2.349722222222222,False,0.13714596949891053,0.13714596949891053
attention,B12,lower_bound,2.0,20,True,2.349722222222222,False,0.13714596949891053,0.13714596949891053
attention,B17,point,0.5,5,True,1.9399999999999995,False,0.08765492636242198,0.08765492636242198
attention,B17,point,0.5,10,True,1.9399999999999995,False,0.08765492636242198,0.08765492636242198
attention,B17,point,0.5,20,True,1.9399999999999995,False,0.08765492636242198,0.08765492636242198
attention,B17,lower_bound,0.5,5,True,3.658333333333333,False,0.19225241372313623,0.19225241372313623
attention,B17,lower_bound,0.5,10,True,3.658333333333333,False,0.19225241372313623,0.19225241372313623
attention,B17,lower_bound,0.5,20,True,3.658333333333333,False,0.19225241372313623,0.19225241372313623
attention,B17,point,1.0,5,True,3.259444444444444,False,0.13753571972066753,0.13753571972066753
attention,B17,point,1.0,10,True,3.259444444444444,False,0.13753571972066753,0.13753571972066753
attention,B17,point,1.0,20,True,3.259444444444444,False,0.13753571972066753,0.13753571972066753
attention,B17,lower_bound,1.0,5,True,3.909166666666668,False,0.1770852707935274,0.1770852707935274
attention,B17,lower_bound,1.0,10,True,3.909166666666668,False,0.1770852707935274,0.1770852707935274
attention,B17,lower_bound,1.0,20,True,3.909166666666668,False,0.1770852707935274,0.1770852707935274
attention,B17,point,2.0,5,True,3.2713888888888896,False,0.07739131905108135,0.07739131905108135
attention,B17,point,2.0,10,True,3.2713888888888896,False,0.07739131905108135,0.07739131905108135
attention,B17,point,2.0,20,True,3.2713888888888896,False,0.07739131905108135,0.07739131905108135
attention,B17,lower_bound,2.0,5,True,16.428055555555556,False,0.8782570467188583,0.8782570467188583
attention,B17,lower_bound,2.0,10,True,16.428055555555556,False,0.8782570467188583,0.8782570467188583
attention,B17,lower_bound,2.0,20,True,16.428055555555556,False,0.8782570467188583,0.8782570467188583
competing_stop,B02,point,0.5,5,True,0.9883333333333332,False,0.08693932050838235,0.08693932050838235
competing_stop,B02,point,0.5,10,True,0.9883333333333332,False,0.08693932050838235,0.08693932050838235
competing_stop,B02,point,0.5,20,True,0.9883333333333332,False,0.08693932050838235,0.08693932050838235
competing_stop,B02,lower_bound,0.5,5,True,1.3197222222222216,False,0.14593739182038465,0.14593739182038465
competing_stop,B02,lower_bound,0.5,10,True,1.3197222222222216,False,0.14593739182038465,0.14593739182038465
competing_stop,B02,lower_bound,0.5,20,True,1.3197222222222216,False,0.14593739182038465,0.14593739182038465
competing_stop,B02,point,1.0,5,True,1.1311111111111112,False,0.023342070125117464,0.023342070125117464
competing_stop,B02,point,1.0,10,True,1.1311111111111112,False,0.023342070125117464,0.023342070125117464
competing_stop,B02,point,1.0,20,True,1.1311111111111112,False,0.023342070125117464,0.023342070125117464
competing_stop,B02,lower_bound,1.0,5,True,1.3294444444444444,False,0.05865189654319767,0.05865189654319767
competing_stop,B02,lower_bound,1.0,10,True,1.3294444444444444,False,0.05865189654319767,0.05865189654319767
competing_stop,B02,lower_bound,1.0,20,True,1.3294444444444444,False,0.05865189654319767,0.05865189654319767
competing_stop,B02,point,2.0,5,True,1.2080555555555552,True,0.0,5.0
competing_stop,B02,point,2.0,10,True,1.2080555555555552,True,0.0,10.0
competing_stop,B02,point,2.0,20,True,1.2080555555555552,True,0.0,20.0
competing_stop,B02,lower_bound,2.0,5,True,5.067777777777778,False,0.5461648780970279,0.5461648780970279
competing_stop,B02,lower_bound,2.0,10,True,5.067777777777778,False,0.5461648780970279,0.5461648780970279
competing_stop,B02,lower_bound,2.0,20,True,5.067777777777778,False,0.5461648780970279,0.5461648780970279
competing_stop,B03,point,0.5,5,True,0.0874999999999999,True,0.0,5.0
competing_stop,B03,point,0.5,10,True,0.0874999999999999,True,0.0,10.0
competing_stop,B03,point,0.5,20,True,0.0874999999999999,True,0.0,20.0
competing_stop,B03,lower_bound,0.5,5,True,3.1575,False,0.826379891163514,0.826379891163514
competing_stop,B03,lower_bound,0.5,10,True,3.1575,False,0.826379891163514,0.826379891163514
competing_stop,B03,lower_bound,0.5,20,True,3.1575,False,0.826379891163514,0.826379891163514
competing_stop,B03,point,1.0,5,True,0.1813888888888888,True,0.0,5.0
competing_stop,B03,point,1.0,10,True,0.1813888888888888,True,0.0,10.0
competing_stop,B03,point,1.0,20,True,0.1813888888888888,True,0.0,20.0
competing_stop,B03,lower_bound,1.0,5,True,3.1691666666666665,False,0.6745270795542886,0.6745270795542886
competing_stop,B03,lower_bound,1.0,10,True,3.1691666666666665,False,0.6745270795542886,0.6745270795542886
competing_stop,B03,lower_bound,1.0,20,True,3.1691666666666665,False,0.6745270795542886,0.6745270795542886
competing_stop,B03,point,2.0,5,True,3.006388888888889,False,0.3129480867236763,0.3129480867236763
competing_stop,B03,point,2.0,10,True,3.006388888888889,False,0.3129480867236763,0.3129480867236763
competing_stop,B03,point,2.0,20,True,3.006388888888889,False,0.3129480867236763,0.3129480867236763
competing_stop,B03,lower_bound,2.0,5,True,3.1691666666666665,False,0.3635656905934179,0.3635656905934179
competing_stop,B03,lower_bound,2.0,10,True,3.1691666666666665,False,0.3635656905934179,0.3635656905934179
competing_stop,B03,lower_bound,2.0,20,True,3.1691666666666665,False,0.3635656905934179,0.3635656905934179
competing_stop,B04,point,0.5,5,True,1.3486111111111103,False,0.1489589936125602,0.1489589936125602
competing_stop,B04,point,0.5,10,True,1.3486111111111103,False,0.1489589936125602,0.1489589936125602
competing_stop,B04,point,0.5,20,True,1.3486111111111103,False,0.1489589936125602,0.1489589936125602
competing_stop,B04,lower_bound,0.5,5,True,5.696944444444444,False,0.9122336535179677,0.9122336535179677
competing_stop,B04,lower_bound,0.5,10,True,5.696944444444444,False,0.9122336535179677,0.9122336535179677
competing_stop,B04,lower_bound,0.5,20,True,5.696944444444444,False,0.9122336535179677,0.9122336535179677
competing_stop,B04,point,1.0,5,True,3.2425,False,0.3936320639719148,0.3936320639719148
competing_stop,B04,point,1.0,10,True,3.2425,False,0.3936320639719148,0.3936320639719148
competing_stop,B04,point,1.0,20,True,3.2425,False,0.3936320639719148,0.3936320639719148
competing_stop,B04,lower_bound,1.0,5,True,5.696944444444444,False,0.8244673070359354,0.8244673070359354
competing_stop,B04,lower_bound,1.0,10,True,5.696944444444444,False,0.8244673070359354,0.8244673070359354
competing_stop,B04,lower_bound,1.0,20,True,5.696944444444444,False,0.8244673070359354,0.8244673070359354
competing_stop,B04,point,2.0,5,True,3.421944444444444,False,0.2495977375786239,0.2495977375786239
competing_stop,B04,point,2.0,10,True,3.421944444444444,False,0.2495977375786239,0.2495977375786239
competing_stop,B04,point,2.0,20,True,3.421944444444444,False,0.2495977375786239,0.2495977375786239
competing_stop,B04,lower_bound,2.0,5,True,5.696944444444444,False,0.6489346140718709,0.6489346140718709
competing_stop,B04,lower_bound,2.0,10,True,5.696944444444444,False,0.6489346140718709,0.6489346140718709
competing_stop,B04,lower_bound,2.0,20,True,5.696944444444444,False,0.6489346140718709,0.6489346140718709
competing_stop,B08,point,0.5,5,True,1.219444444444445,False,0.06771595900439244,0.06771595900439244
competing_stop,B08,point,0.5,10,True,1.219444444444445,False,0.06771595900439244,0.06771595900439244
competing_stop,B08,point,0.5,20,True,1.219444444444445,False,0.06771595900439244,0.06771595900439244
competing_stop,B08,lower_bound,0.5,5,True,10.215,False,0.914400752980548,0.914400752980548
competing_stop,B08,lower_bound,0.5,10,True,10.215,False,0.914400752980548,0.914400752980548
competing_stop,B08,lower_bound,0.5,20,True,10.215,False,0.914400752980548,0.914400752980548
competing_stop,B08,point,1.0,5,True,1.5116666666666667,False,0.04815938088266054,0.04815938088266054
competing_stop,B08,point,1.0,10,True,1.5116666666666667,False,0.04815938088266054,0.04815938088266054
competing_stop,B08,point,1.0,20,True,1.5116666666666667,False,0.04815938088266054,0.04815938088266054
competing_stop,B08,lower_bound,1.0,5,True,10.228055555555557,False,0.8685682911524787,0.8685682911524787
competing_stop,B08,lower_bound,1.0,10,True,10.228055555555557,False,0.8685682911524787,0.8685682911524787
competing_stop,B08,lower_bound,1.0,20,True,10.228055555555557,False,0.8685682911524787,0.8685682911524787
competing_stop,B08,point,2.0,5,True,9.635833333333334,False,0.7187042459736458,0.7187042459736458
competing_stop,B08,point,2.0,10,True,9.635833333333334,False,0.7187042459736458,0.7187042459736458
competing_stop,B08,point,2.0,20,True,9.635833333333334,False,0.7187042459736458,0.7187042459736458
competing_stop,B08,lower_bound,2.0,5,True,10.287222222222224,False,0.7800146412884336,0.7800146412884336
competing_stop,B08,lower_bound,2.0,10,True,10.287222222222224,False,0.7800146412884336,0.7800146412884336
competing_stop,B08,lower_bound,2.0,20,True,10.287222222222224,False,0.7800146412884336,0.7800146412884336
competing_stop,B10,point,0.5,5,True,0.950277777777778,False,0.023704028661256135,0.023704028661256135
competing_stop,B10,point,0.5,10,True,0.950277777777778,False,0.023704028661256135,0.023704028661256135
competing_stop,B10,point,0.5,20,True,0.950277777777778,False,0.023704028661256135,0.023704028661256135
competing_stop,B10,lower_bound,0.5,5,True,13.016666666666666,False,0.6589164290414564,0.6589164290414564
competing_stop,B10,lower_bound,0.5,10,True,13.016666666666666,False,0.6589164290414564,0.6589164290414564
competing_stop,B10,lower_bound,0.5,20,True,13.016666666666666,False,0.6589164290414564,0.6589164290414564
competing_stop,B10,point,1.0,5,True,1.4519444444444431,False,0.02379176720040938,0.02379176720040938
competing_stop,B10,point,1.0,10,True,1.4519444444444431,False,0.02379176720040938,0.02379176720040938
competing_stop,B10,point,1.0,20,True,1.4519444444444431,False,0.02379176720040938,0.02379176720040938
competing_stop,B10,lower_bound,1.0,5,True,13.016666666666666,False,0.6325948672954594,0.6325948672954594
competing_stop,B10,lower_bound,1.0,10,True,13.016666666666666,False,0.6325948672954594,0.6325948672954594
competing_stop,B10,lower_bound,1.0,20,True,13.016666666666666,False,0.6325948672954594,0.6325948672954594
competing_stop,B10,point,2.0,5,True,3.078611111111112,False,0.05678145792205897,0.05678145792205897
competing_stop,B10,point,2.0,10,True,3.078611111111112,False,0.05678145792205897,0.05678145792205897
competing_stop,B10,point,2.0,20,True,3.078611111111112,False,0.05678145792205897,0.05678145792205897
competing_stop,B10,lower_bound,2.0,5,True,18.995833333333334,False,0.8947137530160123,0.8947137530160123
competing_stop,B10,lower_bound,2.0,10,True,18.995833333333334,False,0.8947137530160123,0.8947137530160123
competing_stop,B10,lower_bound,2.0,20,True,18.995833333333334,False,0.8947137530160123,0.8947137530160123
competing_stop,B11,point,0.5,5,True,0.0344444444444445,True,0.0,5.0
competing_stop,B11,point,0.5,10,True,0.0344444444444445,True,0.0,10.0
competing_stop,B11,point,0.5,20,True,0.0344444444444445,True,0.0,20.0
competing_stop,B11,lower_bound,0.5,5,True,8.841388888888888,False,0.9434477991768513,0.9434477991768513
competing_stop,B11,lower_bound,0.5,10,True,8.841388888888888,False,0.9434477991768513,0.9434477991768513
competing_stop,B11,lower_bound,0.5,20,True,8.841388888888888,False,0.9434477991768513,0.9434477991768513
competing_stop,B11,point,1.0,5,True,0.3499999999999996,True,0.0,5.0
competing_stop,B11,point,1.0,10,True,0.3499999999999996,True,0.0,10.0
competing_stop,B11,point,1.0,20,True,0.3499999999999996,True,0.0,20.0
competing_stop,B11,lower_bound,1.0,5,True,8.841388888888888,False,0.8868955983537026,0.8868955983537026
competing_stop,B11,lower_bound,1.0,10,True,8.841388888888888,False,0.8868955983537026,0.8868955983537026
competing_stop,B11,lower_bound,1.0,20,True,8.841388888888888,False,0.8868955983537026,0.8868955983537026
competing_stop,B11,point,2.0,5,True,0.6194444444444436,True,0.0,5.0
competing_stop,B11,point,2.0,10,True,0.6194444444444436,True,0.0,10.0
competing_stop,B11,point,2.0,20,True,0.6194444444444436,True,0.0,20.0
competing_stop,B11,lower_bound,2.0,5,True,8.841388888888888,False,0.7737911967074051,0.7737911967074051
competing_stop,B11,lower_bound,2.0,10,True,8.841388888888888,False,0.7737911967074051,0.7737911967074051
competing_stop,B11,lower_bound,2.0,20,True,8.841388888888888,False,0.7737911967074051,0.7737911967074051
competing_stop,B12,point,0.5,5,True,0.0966666666666666,True,0.0,5.0
competing_stop,B12,point,0.5,10,True,0.0966666666666666,True,0.0,10.0
competing_stop,B12,point,0.5,20,True,0.0966666666666666,True,0.0,20.0
competing_stop,B12,lower_bound,0.5,5,True,2.55,False,0.803921568627451,0.803921568627451
competing_stop,B12,lower_bound,0.5,10,True,2.55,False,0.803921568627451,0.803921568627451
competing_stop,B12,lower_bound,0.5,20,True,2.55,False,0.803921568627451,0.803921568627451
competing_stop,B12,point,1.0,5,True,0.5902777777777777,True,0.0,5.0
competing_stop,B12,point,1.0,10,True,0.5902777777777777,True,0.0,10.0
competing_stop,B12,point,1.0,20,True,0.5902777777777777,True,0.0,20.0
competing_stop,B12,lower_bound,1.0,5,True,2.55,False,0.6078431372549019,0.6078431372549019
competing_stop,B12,lower_bound,1.0,10,True,2.55,False,0.6078431372549019,0.6078431372549019
competing_stop,B12,lower_bound,1.0,20,True,2.55,False,0.6078431372549019,0.6078431372549019
competing_stop,B12,point,2.0,5,True,0.9730555555555552,True,0.0,5.0
competing_stop,B12,point,2.0,10,True,0.9730555555555552,True,0.0,10.0
competing_stop,B12,point,2.0,20,True,0.9730555555555552,True,0.0,20.0
competing_stop,B12,lower_bound,2.0,5,True,2.55,False,0.21568627450980388,0.21568627450980388
competing_stop,B12,lower_bound,2.0,10,True,2.55,False,0.21568627450980388,0.21568627450980388
competing_stop,B12,lower_bound,2.0,20,True,2.55,False,0.21568627450980388,0.21568627450980388
competing_stop,B17,point,0.5,5,True,0.0058333333333351,True,0.0,5.0
competing_stop,B17,point,0.5,10,True,0.0058333333333351,True,0.0,10.0
competing_stop,B17,point,0.5,20,True,0.0058333333333351,True,0.0,20.0
competing_stop,B17,lower_bound,0.5,5,True,16.255833333333335,False,0.9590808407027275,0.9590808407027275
competing_stop,B17,lower_bound,0.5,10,True,16.255833333333335,False,0.9590808407027275,0.9590808407027275
competing_stop,B17,lower_bound,0.5,20,True,16.255833333333335,False,0.9590808407027275,0.9590808407027275
competing_stop,B17,point,1.0,5,True,0.6947222222222234,True,0.0,5.0
competing_stop,B17,point,1.0,10,True,0.6947222222222234,True,0.0,10.0
competing_stop,B17,point,1.0,20,True,0.6947222222222234,True,0.0,20.0
competing_stop,B17,lower_bound,1.0,5,True,16.428055555555556,False,0.9391285233594292,0.9391285233594292
competing_stop,B17,lower_bound,1.0,10,True,16.428055555555556,False,0.9391285233594292,0.9391285233594292
competing_stop,B17,lower_bound,1.0,20,True,16.428055555555556,False,0.9391285233594292,0.9391285233594292
competing_stop,B17,point,2.0,5,True,3.205555555555556,False,0.07338394683891043,0.07338394683891043
competing_stop,B17,point,2.0,10,True,3.205555555555556,False,0.07338394683891043,0.07338394683891043
competing_stop,B17,point,2.0,20,True,3.205555555555556,False,0.07338394683891043,0.07338394683891043
competing_stop,B17,lower_bound,2.0,5,True,16.428055555555556,False,0.8782570467188583,0.8782570467188583
competing_stop,B17,lower_bound,2.0,10,True,16.428055555555556,False,0.8782570467188583,0.8782570467188583
competing_stop,B17,lower_bound,2.0,20,True,16.428055555555556,False,0.8782570467188583,0.8782570467188583
competing_threshold,B02,point,0.5,5,True,1.126666666666666,False,0.11156718263191721,0.11156718263191721
competing_threshold,B02,point,0.5,10,True,1.126666666666666,False,0.11156718263191721,0.11156718263191721
competing_threshold,B02,point,0.5,20,True,1.126666666666666,False,0.11156718263191721,0.11156718263191721
competing_threshold,B02,lower_bound,0.5,5,True,5.616944444444444,False,0.9109836308787894,0.9109836308787894
competing_threshold,B02,lower_bound,0.5,10,True,5.616944444444444,False,0.9109836308787894,0.9109836308787894
competing_threshold,B02,lower_bound,0.5,20,True,5.616944444444444,False,0.9109836308787894,0.9109836308787894
competing_threshold,B02,point,1.0,5,True,5.14861111111111,False,0.7385885960140447,0.7385885960140447
competing_threshold,B02,point,1.0,10,True,5.14861111111111,False,0.7385885960140447,0.7385885960140447
competing_threshold,B02,point,1.0,20,True,5.14861111111111,False,0.7385885960140447,0.7385885960140447
competing_threshold,B02,lower_bound,1.0,5,True,5.616944444444444,False,0.8219672617575787,0.8219672617575787
competing_threshold,B02,lower_bound,1.0,10,True,5.616944444444444,False,0.8219672617575787,0.8219672617575787
competing_threshold,B02,lower_bound,1.0,20,True,5.616944444444444,False,0.8219672617575787,0.8219672617575787
competing_threshold,B02,point,2.0,5,True,5.3277777777777775,False,0.5924533900400574,0.5924533900400574
competing_threshold,B02,point,2.0,10,True,5.3277777777777775,False,0.5924533900400574,0.5924533900400574
competing_threshold,B02,point,2.0,20,True,5.3277777777777775,False,0.5924533900400574,0.5924533900400574
competing_threshold,B02,lower_bound,2.0,5,True,5.616944444444444,False,0.6439345235151575,0.6439345235151575
competing_threshold,B02,lower_bound,2.0,10,True,5.616944444444444,False,0.6439345235151575,0.6439345235151575
competing_threshold,B02,lower_bound,2.0,20,True,5.616944444444444,False,0.6439345235151575,0.6439345235151575
competing_threshold,B03,point,0.5,5,True,3.113888888888889,False,0.8128185194782759,0.8128185194782759
competing_threshold,B03,point,0.5,10,True,3.113888888888889,False,0.8128185194782759,0.8128185194782759
competing_threshold,B03,point,0.5,20,True,3.113888888888889,False,0.8128185194782759,0.8128185194782759
competing_threshold,B03,lower_bound,0.5,5,True,3.2158333333333333,False,0.8445193055195647,0.8445193055195647
competing_threshold,B03,lower_bound,0.5,10,True,3.2158333333333333,False,0.8445193055195647,0.8445193055195647
competing_threshold,B03,lower_bound,0.5,20,True,3.2158333333333333,False,0.8445193055195647,0.8445193055195647
competing_threshold,B03,point,1.0,5,True,3.113888888888889,False,0.6573378249978405,0.6573378249978405
competing_threshold,B03,point,1.0,10,True,3.113888888888889,False,0.6573378249978405,0.6573378249978405
competing_threshold,B03,point,1.0,20,True,3.113888888888889,False,0.6573378249978405,0.6573378249978405
competing_threshold,B03,lower_bound,1.0,5,True,3.2158333333333333,False,0.6890386110391293,0.6890386110391293
competing_threshold,B03,lower_bound,1.0,10,True,3.2158333333333333,False,0.6890386110391293,0.6890386110391293
competing_threshold,B03,lower_bound,1.0,20,True,3.2158333333333333,False,0.6890386110391293,0.6890386110391293
competing_threshold,B03,point,2.0,5,True,3.113888888888889,False,0.3463764360369699,0.3463764360369699
competing_threshold,B03,point,2.0,10,True,3.113888888888889,False,0.3463764360369699,0.3463764360369699
competing_threshold,B03,point,2.0,20,True,3.113888888888889,False,0.3463764360369699,0.3463764360369699
competing_threshold,B03,lower_bound,2.0,5,True,3.2158333333333333,False,0.3780772220782586,0.3780772220782586
competing_threshold,B03,lower_bound,2.0,10,True,3.2158333333333333,False,0.3780772220782586,0.3780772220782586
competing_threshold,B03,lower_bound,2.0,20,True,3.2158333333333333,False,0.3780772220782586,0.3780772220782586
competing_threshold,B04,point,0.5,5,True,0.5202777777777774,False,0.003559412940660131,0.003559412940660131
competing_threshold,B04,point,0.5,10,True,0.5202777777777774,False,0.003559412940660131,0.003559412940660131
competing_threshold,B04,point,0.5,20,True,0.5202777777777774,False,0.003559412940660131,0.003559412940660131
competing_threshold,B04,lower_bound,0.5,5,True,5.696944444444444,False,0.9122336535179677,0.9122336535179677
competing_threshold,B04,lower_bound,0.5,10,True,5.696944444444444,False,0.9122336535179677,0.9122336535179677
competing_threshold,B04,lower_bound,0.5,20,True,5.696944444444444,False,0.9122336535179677,0.9122336535179677
competing_threshold,B04,point,1.0,5,True,5.16611111111111,False,0.7312887025208444,0.7312887025208444
competing_threshold,B04,point,1.0,10,True,5.16611111111111,False,0.7312887025208444,0.7312887025208444
competing_threshold,B04,point,1.0,20,True,5.16611111111111,False,0.7312887025208444,0.7312887025208444
competing_threshold,B04,lower_bound,1.0,5,True,5.696944444444444,False,0.8244673070359354,0.8244673070359354
competing_threshold,B04,lower_bound,1.0,10,True,5.696944444444444,False,0.8244673070359354,0.8244673070359354
competing_threshold,B04,lower_bound,1.0,20,True,5.696944444444444,False,0.8244673070359354,0.8244673070359354
competing_threshold,B04,point,2.0,5,True,5.418055555555555,False,0.5999804963674484,0.5999804963674484
competing_threshold,B04,point,2.0,10,True,5.418055555555555,False,0.5999804963674484,0.5999804963674484
competing_threshold,B04,point,2.0,20,True,5.418055555555555,False,0.5999804963674484,0.5999804963674484
competing_threshold,B04,lower_bound,2.0,5,True,5.696944444444444,False,0.6489346140718709,0.6489346140718709
competing_threshold,B04,lower_bound,2.0,10,True,5.696944444444444,False,0.6489346140718709,0.6489346140718709
competing_threshold,B04,lower_bound,2.0,20,True,5.696944444444444,False,0.6489346140718709,0.6489346140718709
competing_threshold,B08,point,0.5,5,True,9.993055555555555,False,0.8935107718050617,0.8935107718050617
competing_threshold,B08,point,0.5,10,True,9.993055555555555,False,0.8935107718050617,0.8935107718050617
competing_threshold,B08,point,0.5,20,True,9.993055555555555,False,0.8935107718050617,0.8935107718050617
competing_threshold,B08,lower_bound,0.5,5,True,10.624444444444444,False,0.9529387157498431,0.9529387157498431
competing_threshold,B08,lower_bound,0.5,10,True,10.624444444444444,False,0.9529387157498431,0.9529387157498431
competing_threshold,B08,lower_bound,0.5,20,True,10.624444444444444,False,0.9529387157498431,0.9529387157498431
competing_threshold,B08,point,1.0,5,True,10.147222222222222,False,0.8609600501987033,0.8609600501987033
competing_threshold,B08,point,1.0,10,True,10.147222222222222,False,0.8609600501987033,0.8609600501987033
competing_threshold,B08,point,1.0,20,True,10.147222222222222,False,0.8609600501987033,0.8609600501987033
competing_threshold,B08,lower_bound,1.0,5,True,10.624444444444444,False,0.9058774314996862,0.9058774314996862
competing_threshold,B08,lower_bound,1.0,10,True,10.624444444444444,False,0.9058774314996862,0.9058774314996862
competing_threshold,B08,lower_bound,1.0,20,True,10.624444444444444,False,0.9058774314996862,0.9058774314996862
competing_threshold,B08,point,2.0,5,True,10.251388888888888,False,0.7766419159171721,0.7766419159171721
competing_threshold,B08,point,2.0,10,True,10.251388888888888,False,0.7766419159171721,0.7766419159171721
competing_threshold,B08,point,2.0,20,True,10.251388888888888,False,0.7766419159171721,0.7766419159171721
competing_threshold,B08,lower_bound,2.0,5,True,10.624444444444444,False,0.8117548629993725,0.8117548629993725
competing_threshold,B08,lower_bound,2.0,10,True,10.624444444444444,False,0.8117548629993725,0.8117548629993725
competing_threshold,B08,lower_bound,2.0,20,True,10.624444444444444,False,0.8117548629993725,0.8117548629993725
competing_threshold,B10,point,0.5,5,True,0.9108333333333328,False,0.021627549901294115,0.021627549901294115
competing_threshold,B10,point,0.5,10,True,0.9108333333333328,False,0.021627549901294115,0.021627549901294115
competing_threshold,B10,point,0.5,20,True,0.9108333333333328,False,0.021627549901294115,0.021627549901294115
competing_threshold,B10,lower_bound,0.5,5,True,18.455,False,0.9452072822987496,0.9452072822987496
competing_threshold,B10,lower_bound,0.5,10,True,18.455,False,0.9452072822987496,0.9452072822987496
competing_threshold,B10,lower_bound,0.5,20,True,18.455,False,0.9452072822987496,0.9452072822987496
competing_threshold,B10,point,1.0,5,True,18.23027777777778,False,0.9070556408569131,0.9070556408569131
competing_threshold,B10,point,1.0,10,True,18.23027777777778,False,0.9070556408569131,0.9070556408569131
competing_threshold,B10,point,1.0,20,True,18.23027777777778,False,0.9070556408569131,0.9070556408569131
competing_threshold,B10,lower_bound,1.0,5,True,18.83138888888889,False,0.9387000073115449,0.9387000073115449
competing_threshold,B10,lower_bound,1.0,10,True,18.83138888888889,False,0.9387000073115449,0.9387000073115449
competing_threshold,B10,lower_bound,1.0,20,True,18.83138888888889,False,0.9387000073115449,0.9387000073115449
competing_threshold,B10,point,2.0,5,True,18.3,False,0.8580829129194999,0.8580829129194999
competing_threshold,B10,point,2.0,10,True,18.3,False,0.8580829129194999,0.8580829129194999
competing_threshold,B10,point,2.0,20,True,18.3,False,0.8580829129194999,0.8580829129194999
competing_threshold,B10,lower_bound,2.0,5,True,18.89583333333333,False,0.8894494406668126,0.8894494406668126
competing_threshold,B10,lower_bound,2.0,10,True,18.89583333333333,False,0.8894494406668126,0.8894494406668126
competing_threshold,B10,lower_bound,2.0,20,True,18.89583333333333,False,0.8894494406668126,0.8894494406668126
competing_threshold,B11,point,0.5,5,True,0.3541666666666661,True,0.0,5.0
competing_threshold,B11,point,0.5,10,True,0.3541666666666661,True,0.0,10.0
competing_threshold,B11,point,0.5,20,True,0.3541666666666661,True,0.0,20.0
competing_threshold,B11,lower_bound,0.5,5,True,8.841388888888888,False,0.9434477991768513,0.9434477991768513
competing_threshold,B11,lower_bound,0.5,10,True,8.841388888888888,False,0.9434477991768513,0.9434477991768513
competing_threshold,B11,lower_bound,0.5,20,True,8.841388888888888,False,0.9434477991768513,0.9434477991768513
competing_threshold,B11,point,1.0,5,True,8.7075,False,0.8717521756888372,0.8717521756888372
competing_threshold,B11,point,1.0,10,True,8.7075,False,0.8717521756888372,0.8717521756888372
competing_threshold,B11,point,1.0,20,True,8.7075,False,0.8717521756888372,0.8717521756888372
competing_threshold,B11,lower_bound,1.0,5,True,8.841388888888888,False,0.8868955983537026,0.8868955983537026
competing_threshold,B11,lower_bound,1.0,10,True,8.841388888888888,False,0.8868955983537026,0.8868955983537026
competing_threshold,B11,lower_bound,1.0,20,True,8.841388888888888,False,0.8868955983537026,0.8868955983537026
competing_threshold,B11,point,2.0,5,True,8.739444444444443,False,0.762260831317352,0.762260831317352
competing_threshold,B11,point,2.0,10,True,8.739444444444443,False,0.762260831317352,0.762260831317352
competing_threshold,B11,point,2.0,20,True,8.739444444444443,False,0.762260831317352,0.762260831317352
competing_threshold,B11,lower_bound,2.0,5,True,8.841388888888888,False,0.7737911967074051,0.7737911967074051
competing_threshold,B11,lower_bound,2.0,10,True,8.841388888888888,False,0.7737911967074051,0.7737911967074051
competing_threshold,B11,lower_bound,2.0,20,True,8.841388888888888,False,0.7737911967074051,0.7737911967074051
competing_threshold,B12,point,0.5,5,True,0.4830555555555555,True,0.0,5.0
competing_threshold,B12,point,0.5,10,True,0.4830555555555555,True,0.0,10.0
competing_threshold,B12,point,0.5,20,True,0.4830555555555555,True,0.0,20.0
competing_threshold,B12,lower_bound,0.5,5,True,2.55,False,0.803921568627451,0.803921568627451
competing_threshold,B12,lower_bound,0.5,10,True,2.55,False,0.803921568627451,0.803921568627451
competing_threshold,B12,lower_bound,0.5,20,True,2.55,False,0.803921568627451,0.803921568627451
competing_threshold,B12,point,1.0,5,True,2.416111111111111,False,0.5553376906318083,0.5553376906318083
competing_threshold,B12,point,1.0,10,True,2.416111111111111,False,0.5553376906318083,0.5553376906318083
competing_threshold,B12,point,1.0,20,True,2.416111111111111,False,0.5553376906318083,0.5553376906318083
competing_threshold,B12,lower_bound,1.0,5,True,2.55,False,0.6078431372549019,0.6078431372549019
competing_threshold,B12,lower_bound,1.0,10,True,2.55,False,0.6078431372549019,0.6078431372549019
competing_threshold,B12,lower_bound,1.0,20,True,2.55,False,0.6078431372549019,0.6078431372549019
competing_threshold,B12,point,2.0,5,True,2.449444444444444,False,0.1762527233115467,0.1762527233115467
competing_threshold,B12,point,2.0,10,True,2.449444444444444,False,0.1762527233115467,0.1762527233115467
competing_threshold,B12,point,2.0,20,True,2.449444444444444,False,0.1762527233115467,0.1762527233115467
competing_threshold,B12,lower_bound,2.0,5,True,2.55,False,0.21568627450980388,0.21568627450980388
competing_threshold,B12,lower_bound,2.0,10,True,2.55,False,0.21568627450980388,0.21568627450980388
competing_threshold,B12,lower_bound,2.0,20,True,2.55,False,0.21568627450980388,0.21568627450980388
competing_threshold,B17,point,0.5,5,True,0.0058333333333351,True,0.0,5.0
competing_threshold,B17,point,0.5,10,True,0.0058333333333351,True,0.0,10.0
competing_threshold,B17,point,0.5,20,True,0.0058333333333351,True,0.0,20.0
competing_threshold,B17,lower_bound,0.5,5,True,16.323611111111113,False,0.9632065741194773,0.9632065741194773
competing_threshold,B17,lower_bound,0.5,10,True,16.323611111111113,False,0.9632065741194773,0.9632065741194773
competing_threshold,B17,lower_bound,0.5,20,True,16.323611111111113,False,0.9632065741194773,0.9632065741194773
competing_threshold,B17,point,1.0,5,True,16.22277777777778,False,0.9266329619046009,0.9266329619046009
competing_threshold,B17,point,1.0,10,True,16.22277777777778,False,0.9266329619046009,0.9266329619046009
competing_threshold,B17,point,1.0,20,True,16.22277777777778,False,0.9266329619046009,0.9266329619046009
competing_threshold,B17,lower_bound,1.0,5,True,16.323611111111113,False,0.9327708357991918,0.9327708357991918
competing_threshold,B17,lower_bound,1.0,10,True,16.323611111111113,False,0.9327708357991918,0.9327708357991918
competing_threshold,B17,lower_bound,1.0,20,True,16.323611111111113,False,0.9327708357991918,0.9327708357991918
competing_threshold,B17,point,2.0,5,True,16.323611111111113,False,0.871899359158621,0.871899359158621
competing_threshold,B17,point,2.0,10,True,16.323611111111113,False,0.871899359158621,0.871899359158621
competing_threshold,B17,point,2.0,20,True,16.323611111111113,False,0.871899359158621,0.871899359158621
competing_threshold,B17,lower_bound,2.0,5,True,16.323611111111113,False,0.871899359158621,0.871899359158621
competing_threshold,B17,lower_bound,2.0,10,True,16.323611111111113,False,0.871899359158621,0.871899359158621
competing_threshold,B17,lower_bound,2.0,20,True,16.323611111111113,False,0.871899359158621,0.871899359158621
context_only,B02,point,0.5,5,False,0.0,True,0.0,5.0
context_only,B02,point,0.5,10,False,0.0,True,0.0,10.0
context_only,B02,point,0.5,20,False,0.0,True,0.0,20.0
context_only,B02,lower_bound,0.5,5,True,5.447777777777778,False,0.8808664259927799,0.8808664259927799
context_only,B02,lower_bound,0.5,10,True,5.447777777777778,False,0.8808664259927799,0.8808664259927799
context_only,B02,lower_bound,0.5,20,True,5.447777777777778,False,0.8808664259927799,0.8808664259927799
context_only,B02,point,1.0,5,False,0.0,True,0.0,5.0
context_only,B02,point,1.0,10,False,0.0,True,0.0,10.0
context_only,B02,point,1.0,20,False,0.0,True,0.0,20.0
context_only,B02,lower_bound,1.0,5,True,5.447777777777778,False,0.7918500568715692,0.7918500568715692
context_only,B02,lower_bound,1.0,10,True,5.447777777777778,False,0.7918500568715692,0.7918500568715692
context_only,B02,lower_bound,1.0,20,True,5.447777777777778,False,0.7918500568715692,0.7918500568715692
context_only,B02,point,2.0,5,False,0.0,True,0.0,5.0
context_only,B02,point,2.0,10,False,0.0,True,0.0,10.0
context_only,B02,point,2.0,20,False,0.0,True,0.0,20.0
context_only,B02,lower_bound,2.0,5,True,5.447777777777778,False,0.6138173186291479,0.6138173186291479
context_only,B02,lower_bound,2.0,10,True,5.447777777777778,False,0.6138173186291479,0.6138173186291479
context_only,B02,lower_bound,2.0,20,True,5.447777777777778,False,0.6138173186291479,0.6138173186291479
context_only,B03,point,0.5,5,False,0.0,True,0.0,5.0
context_only,B03,point,0.5,10,False,0.0,True,0.0,10.0
context_only,B03,point,0.5,20,False,0.0,True,0.0,20.0
context_only,B03,lower_bound,0.5,5,True,3.2158333333333333,False,0.8445193055195647,0.8445193055195647
context_only,B03,lower_bound,0.5,10,True,3.2158333333333333,False,0.8445193055195647,0.8445193055195647
context_only,B03,lower_bound,0.5,20,True,3.2158333333333333,False,0.8445193055195647,0.8445193055195647
context_only,B03,point,1.0,5,False,0.0,True,0.0,5.0
context_only,B03,point,1.0,10,False,0.0,True,0.0,10.0
context_only,B03,point,1.0,20,False,0.0,True,0.0,20.0
context_only,B03,lower_bound,1.0,5,True,3.2158333333333333,False,0.6890386110391293,0.6890386110391293
context_only,B03,lower_bound,1.0,10,True,3.2158333333333333,False,0.6890386110391293,0.6890386110391293
context_only,B03,lower_bound,1.0,20,True,3.2158333333333333,False,0.6890386110391293,0.6890386110391293
context_only,B03,point,2.0,5,False,0.0,True,0.0,5.0
context_only,B03,point,2.0,10,False,0.0,True,0.0,10.0
context_only,B03,point,2.0,20,False,0.0,True,0.0,20.0
context_only,B03,lower_bound,2.0,5,True,3.2158333333333333,False,0.3780772220782586,0.3780772220782586
context_only,B03,lower_bound,2.0,10,True,3.2158333333333333,False,0.3780772220782586,0.3780772220782586
context_only,B03,lower_bound,2.0,20,True,3.2158333333333333,False,0.3780772220782586,0.3780772220782586
context_only,B04,point,0.5,5,True,0.1047222222222217,True,0.0,5.0
context_only,B04,point,0.5,10,True,0.1047222222222217,True,0.0,10.0
context_only,B04,point,0.5,20,True,0.1047222222222217,True,0.0,20.0
context_only,B04,lower_bound,0.5,5,True,5.696944444444444,False,0.9122336535179677,0.9122336535179677
context_only,B04,lower_bound,0.5,10,True,5.696944444444444,False,0.9122336535179677,0.9122336535179677
context_only,B04,lower_bound,0.5,20,True,5.696944444444444,False,0.9122336535179677,0.9122336535179677
context_only,B04,point,1.0,5,True,4.0525,False,0.5358135452728071,0.5358135452728071
context_only,B04,point,1.0,10,True,4.0525,False,0.5358135452728071,0.5358135452728071
context_only,B04,point,1.0,20,True,4.0525,False,0.5358135452728071,0.5358135452728071
context_only,B04,lower_bound,1.0,5,True,5.696944444444444,False,0.8244673070359354,0.8244673070359354
context_only,B04,lower_bound,1.0,10,True,5.696944444444444,False,0.8244673070359354,0.8244673070359354
context_only,B04,lower_bound,1.0,20,True,5.696944444444444,False,0.8244673070359354,0.8244673070359354
context_only,B04,point,2.0,5,True,5.011111111111111,False,0.52854844214735,0.52854844214735
context_only,B04,point,2.0,10,True,5.011111111111111,False,0.52854844214735,0.52854844214735
context_only,B04,point,2.0,20,True,5.011111111111111,False,0.52854844214735,0.52854844214735
context_only,B04,lower_bound,2.0,5,True,5.696944444444444,False,0.6489346140718709,0.6489346140718709
context_only,B04,lower_bound,2.0,10,True,5.696944444444444,False,0.6489346140718709,0.6489346140718709
context_only,B04,lower_bound,2.0,20,True,5.696944444444444,False,0.6489346140718709,0.6489346140718709
context_only,B08,point,0.5,5,True,8.0975,False,0.7150962141811337,0.7150962141811337
context_only,B08,point,0.5,10,True,8.0975,False,0.7150962141811337,0.7150962141811337
context_only,B08,point,0.5,20,True,8.0975,False,0.7150962141811337,0.7150962141811337
context_only,B08,lower_bound,0.5,5,True,10.624444444444444,False,0.9529387157498431,0.9529387157498431
context_only,B08,lower_bound,0.5,10,True,10.624444444444444,False,0.9529387157498431,0.9529387157498431
context_only,B08,lower_bound,0.5,20,True,10.624444444444444,False,0.9529387157498431,0.9529387157498431
context_only,B08,point,1.0,5,True,8.0975,False,0.6680349299309768,0.6680349299309768
context_only,B08,point,1.0,10,True,8.0975,False,0.6680349299309768,0.6680349299309768
context_only,B08,point,1.0,20,True,8.0975,False,0.6680349299309768,0.6680349299309768
context_only,B08,lower_bound,1.0,5,True,10.624444444444444,False,0.9058774314996862,0.9058774314996862
context_only,B08,lower_bound,1.0,10,True,10.624444444444444,False,0.9058774314996862,0.9058774314996862
context_only,B08,lower_bound,1.0,20,True,10.624444444444444,False,0.9058774314996862,0.9058774314996862
context_only,B08,point,2.0,5,True,9.588611111111112,False,0.7142595691277975,0.7142595691277975
context_only,B08,point,2.0,10,True,9.588611111111112,False,0.7142595691277975,0.7142595691277975
context_only,B08,point,2.0,20,True,9.588611111111112,False,0.7142595691277975,0.7142595691277975
context_only,B08,lower_bound,2.0,5,True,10.624444444444444,False,0.8117548629993725,0.8117548629993725
context_only,B08,lower_bound,2.0,10,True,10.624444444444444,False,0.8117548629993725,0.8117548629993725
context_only,B08,lower_bound,2.0,20,True,10.624444444444444,False,0.8117548629993725,0.8117548629993725
context_only,B10,point,0.5,5,True,3.4377777777777787,False,0.15465379834759088,0.15465379834759088
context_only,B10,point,0.5,10,True,3.4377777777777787,False,0.15465379834759088,0.15465379834759088
context_only,B10,point,0.5,20,True,3.4377777777777787,False,0.15465379834759088,0.15465379834759088
context_only,B10,lower_bound,0.5,5,True,18.995833333333334,False,0.973678438254003,0.973678438254003
context_only,B10,lower_bound,0.5,10,True,18.995833333333334,False,0.973678438254003,0.973678438254003
context_only,B10,lower_bound,0.5,20,True,18.995833333333334,False,0.973678438254003,0.973678438254003
context_only,B10,point,1.0,5,True,4.18888888888889,False,0.1678730715800249,0.1678730715800249
context_only,B10,point,1.0,10,True,4.18888888888889,False,0.1678730715800249,0.1678730715800249
context_only,B10,point,1.0,20,True,4.18888888888889,False,0.1678730715800249,0.1678730715800249
context_only,B10,lower_bound,1.0,5,True,18.995833333333334,False,0.9473568765080062,0.9473568765080062
context_only,B10,lower_bound,1.0,10,True,18.995833333333334,False,0.9473568765080062,0.9473568765080062
context_only,B10,lower_bound,1.0,20,True,18.995833333333334,False,0.9473568765080062,0.9473568765080062
context_only,B10,point,2.0,5,True,9.629166666666666,False,0.4016231629743365,0.4016231629743365
context_only,B10,point,2.0,10,True,9.629166666666666,False,0.4016231629743365,0.4016231629743365
context_only,B10,point,2.0,20,True,9.629166666666666,False,0.4016231629743365,0.4016231629743365
context_only,B10,lower_bound,2.0,5,True,18.995833333333334,False,0.8947137530160123,0.8947137530160123
context_only,B10,lower_bound,2.0,10,True,18.995833333333334,False,0.8947137530160123,0.8947137530160123
context_only,B10,lower_bound,2.0,20,True,18.995833333333334,False,0.8947137530160123,0.8947137530160123
context_only,B11,point,0.5,5,False,0.0,True,0.0,5.0
context_only,B11,point,0.5,10,False,0.0,True,0.0,10.0
context_only,B11,point,0.5,20,False,0.0,True,0.0,20.0
context_only,B11,lower_bound,0.5,5,True,2.20861111111111,False,0.19325143736843747,0.19325143736843747
context_only,B11,lower_bound,0.5,10,True,2.20861111111111,False,0.19325143736843747,0.19325143736843747
context_only,B11,lower_bound,0.5,20,True,2.20861111111111,False,0.19325143736843747,0.19325143736843747
context_only,B11,point,1.0,5,False,0.0,True,0.0,5.0
context_only,B11,point,1.0,10,False,0.0,True,0.0,10.0
context_only,B11,point,1.0,20,False,0.0,True,0.0,20.0
context_only,B11,lower_bound,1.0,5,True,2.20861111111111,False,0.13669923654528876,0.13669923654528876
context_only,B11,lower_bound,1.0,10,True,2.20861111111111,False,0.13669923654528876,0.13669923654528876
context_only,B11,lower_bound,1.0,20,True,2.20861111111111,False,0.13669923654528876,0.13669923654528876
context_only,B11,point,2.0,5,False,0.0,True,0.0,5.0
context_only,B11,point,2.0,10,False,0.0,True,0.0,10.0
context_only,B11,point,2.0,20,False,0.0,True,0.0,20.0
context_only,B11,lower_bound,2.0,5,True,3.4333333333333327,False,0.16211630902635954,0.16211630902635954
context_only,B11,lower_bound,2.0,10,True,3.4333333333333327,False,0.16211630902635954,0.16211630902635954
context_only,B11,lower_bound,2.0,20,True,3.4333333333333327,False,0.16211630902635954,0.16211630902635954
context_only,B12,point,0.5,5,False,0.0,True,0.0,5.0
context_only,B12,point,0.5,10,False,0.0,True,0.0,10.0
context_only,B12,point,0.5,20,False,0.0,True,0.0,20.0
context_only,B12,lower_bound,0.5,5,True,0.693611111111111,False,0.07592592592592587,0.07592592592592587
context_only,B12,lower_bound,0.5,10,True,0.693611111111111,False,0.07592592592592587,0.07592592592592587
context_only,B12,lower_bound,0.5,20,True,0.693611111111111,False,0.07592592592592587,0.07592592592592587
context_only,B12,point,1.0,5,False,0.0,True,0.0,5.0
context_only,B12,point,1.0,10,False,0.0,True,0.0,10.0
context_only,B12,point,1.0,20,False,0.0,True,0.0,20.0
context_only,B12,lower_bound,1.0,5,True,0.693611111111111,True,0.0,5.0
context_only,B12,lower_bound,1.0,10,True,0.693611111111111,True,0.0,10.0
context_only,B12,lower_bound,1.0,20,True,0.693611111111111,True,0.0,20.0
context_only,B12,point,2.0,5,False,0.0,True,0.0,5.0
context_only,B12,point,2.0,10,False,0.0,True,0.0,10.0
context_only,B12,point,2.0,20,False,0.0,True,0.0,20.0
context_only,B12,lower_bound,2.0,5,True,1.4716666666666665,True,0.0,5.0
context_only,B12,lower_bound,2.0,10,True,1.4716666666666665,True,0.0,10.0
context_only,B12,lower_bound,2.0,20,True,1.4716666666666665,True,0.0,20.0
context_only,B17,point,0.5,5,False,0.0,True,0.0,5.0
context_only,B17,point,0.5,10,False,0.0,True,0.0,10.0
context_only,B17,point,0.5,20,False,0.0,True,0.0,20.0
context_only,B17,lower_bound,0.5,5,True,9.069444444444445,False,0.5216347373226695,0.5216347373226695
context_only,B17,lower_bound,0.5,10,True,9.069444444444445,False,0.5216347373226695,0.5216347373226695
context_only,B17,lower_bound,0.5,20,True,9.069444444444445,False,0.5216347373226695,0.5216347373226695
context_only,B17,point,1.0,5,False,0.0,True,0.0,5.0
context_only,B17,point,1.0,10,False,0.0,True,0.0,10.0
context_only,B17,point,1.0,20,False,0.0,True,0.0,20.0
context_only,B17,lower_bound,1.0,5,True,9.069444444444445,False,0.4911989990023841,0.4911989990023841
context_only,B17,lower_bound,1.0,10,True,9.069444444444445,False,0.4911989990023841,0.4911989990023841
context_only,B17,lower_bound,1.0,20,True,9.069444444444445,False,0.4911989990023841,0.4911989990023841
context_only,B17,point,2.0,5,True,4.911111111111111,False,0.17720363199810624,0.17720363199810624
context_only,B17,point,2.0,10,True,4.911111111111111,False,0.17720363199810624,0.17720363199810624
context_only,B17,point,2.0,20,True,4.911111111111111,False,0.17720363199810624,0.17720363199810624
context_only,B17,lower_bound,2.0,5,True,10.573055555555555,False,0.521854550988316,0.521854550988316
context_only,B17,lower_bound,2.0,10,True,10.573055555555555,False,0.521854550988316,0.521854550988316
context_only,B17,lower_bound,2.0,20,True,10.573055555555555,False,0.521854550988316,0.521854550988316
custom_boosting,B02,point,0.5,5,False,0.0,True,0.0,5.0
custom_boosting,B02,point,0.5,10,False,0.0,True,0.0,10.0
custom_boosting,B02,point,0.5,20,False,0.0,True,0.0,20.0
custom_boosting,B02,lower_bound,0.5,5,True,1.2986111111111107,False,0.14217892290193357,0.14217892290193357
custom_boosting,B02,lower_bound,0.5,10,True,1.2986111111111107,False,0.14217892290193357,0.14217892290193357
custom_boosting,B02,lower_bound,0.5,20,True,1.2986111111111107,False,0.14217892290193357,0.14217892290193357
custom_boosting,B02,point,1.0,5,False,0.0,True,0.0,5.0
custom_boosting,B02,point,1.0,10,False,0.0,True,0.0,10.0
custom_boosting,B02,point,1.0,20,False,0.0,True,0.0,20.0
custom_boosting,B02,lower_bound,1.0,5,True,1.3247222222222217,False,0.05781118639038614,0.05781118639038614
custom_boosting,B02,lower_bound,1.0,10,True,1.3247222222222217,False,0.05781118639038614,0.05781118639038614
custom_boosting,B02,lower_bound,1.0,20,True,1.3247222222222217,False,0.05781118639038614,0.05781118639038614
custom_boosting,B02,point,2.0,5,False,0.0,True,0.0,5.0
custom_boosting,B02,point,2.0,10,False,0.0,True,0.0,10.0
custom_boosting,B02,point,2.0,20,False,0.0,True,0.0,20.0
custom_boosting,B02,lower_bound,2.0,5,True,5.339444444444444,False,0.5945304386528856,0.5945304386528856
custom_boosting,B02,lower_bound,2.0,10,True,5.339444444444444,False,0.5945304386528856,0.5945304386528856
custom_boosting,B02,lower_bound,2.0,20,True,5.339444444444444,False,0.5945304386528856,0.5945304386528856
custom_boosting,B03,point,0.5,5,False,0.0,True,0.0,5.0
custom_boosting,B03,point,0.5,10,False,0.0,True,0.0,10.0
custom_boosting,B03,point,0.5,20,False,0.0,True,0.0,20.0
custom_boosting,B03,lower_bound,0.5,5,True,2.850833333333333,False,0.7310183985488468,0.7310183985488468
custom_boosting,B03,lower_bound,0.5,10,True,2.850833333333333,False,0.7310183985488468,0.7310183985488468
custom_boosting,B03,lower_bound,0.5,20,True,2.850833333333333,False,0.7310183985488468,0.7310183985488468
custom_boosting,B03,point,1.0,5,False,0.0,True,0.0,5.0
custom_boosting,B03,point,1.0,10,False,0.0,True,0.0,10.0
custom_boosting,B03,point,1.0,20,False,0.0,True,0.0,20.0
custom_boosting,B03,lower_bound,1.0,5,True,2.850833333333333,False,0.5755377040684114,0.5755377040684114
custom_boosting,B03,lower_bound,1.0,10,True,2.850833333333333,False,0.5755377040684114,0.5755377040684114
custom_boosting,B03,lower_bound,1.0,20,True,2.850833333333333,False,0.5755377040684114,0.5755377040684114
custom_boosting,B03,point,2.0,5,True,0.2594444444444446,True,0.0,5.0
custom_boosting,B03,point,2.0,10,True,0.2594444444444446,True,0.0,10.0
custom_boosting,B03,point,2.0,20,True,0.2594444444444446,True,0.0,20.0
custom_boosting,B03,lower_bound,2.0,5,True,2.921666666666667,False,0.28660274682560255,0.28660274682560255
custom_boosting,B03,lower_bound,2.0,10,True,2.921666666666667,False,0.28660274682560255,0.28660274682560255
custom_boosting,B03,lower_bound,2.0,20,True,2.921666666666667,False,0.28660274682560255,0.28660274682560255
custom_boosting,B04,point,0.5,5,False,0.0,True,0.0,5.0
custom_boosting,B04,point,0.5,10,False,0.0,True,0.0,10.0
custom_boosting,B04,point,0.5,20,False,0.0,True,0.0,20.0
custom_boosting,B04,lower_bound,0.5,5,True,5.696944444444444,False,0.9122336535179677,0.9122336535179677
custom_boosting,B04,lower_bound,0.5,10,True,5.696944444444444,False,0.9122336535179677,0.9122336535179677
custom_boosting,B04,lower_bound,0.5,20,True,5.696944444444444,False,0.9122336535179677,0.9122336535179677
custom_boosting,B04,point,1.0,5,True,2.81,False,0.31771417426495685,0.31771417426495685
custom_boosting,B04,point,1.0,10,True,2.81,False,0.31771417426495685,0.31771417426495685
custom_boosting,B04,point,1.0,20,True,2.81,False,0.31771417426495685,0.31771417426495685
custom_boosting,B04,lower_bound,1.0,5,True,5.696944444444444,False,0.8244673070359354,0.8244673070359354
custom_boosting,B04,lower_bound,1.0,10,True,5.696944444444444,False,0.8244673070359354,0.8244673070359354
custom_boosting,B04,lower_bound,1.0,20,True,5.696944444444444,False,0.8244673070359354,0.8244673070359354
custom_boosting,B04,point,2.0,5,True,3.4591666666666665,False,0.2561314544833975,0.2561314544833975
custom_boosting,B04,point,2.0,10,True,3.4591666666666665,False,0.2561314544833975,0.2561314544833975
custom_boosting,B04,point,2.0,20,True,3.4591666666666665,False,0.2561314544833975,0.2561314544833975
custom_boosting,B04,lower_bound,2.0,5,True,5.696944444444444,False,0.6489346140718709,0.6489346140718709
custom_boosting,B04,lower_bound,2.0,10,True,5.696944444444444,False,0.6489346140718709,0.6489346140718709
custom_boosting,B04,lower_bound,2.0,20,True,5.696944444444444,False,0.6489346140718709,0.6489346140718709
custom_boosting,B08,point,0.5,5,True,1.4788888888888891,False,0.09213553649864048,0.09213553649864048
custom_boosting,B08,point,0.5,10,True,1.4788888888888891,False,0.09213553649864048,0.09213553649864048
custom_boosting,B08,point,0.5,20,True,1.4788888888888891,False,0.09213553649864048,0.09213553649864048
custom_boosting,B08,lower_bound,0.5,5,True,10.624444444444444,False,0.9529387157498431,0.9529387157498431
custom_boosting,B08,lower_bound,0.5,10,True,10.624444444444444,False,0.9529387157498431,0.9529387157498431
custom_boosting,B08,lower_bound,0.5,20,True,10.624444444444444,False,0.9529387157498431,0.9529387157498431
custom_boosting,B08,point,1.0,5,True,1.6152777777777771,False,0.057911524785609646,0.057911524785609646
custom_boosting,B08,point,1.0,10,True,1.6152777777777771,False,0.057911524785609646,0.057911524785609646
custom_boosting,B08,point,1.0,20,True,1.6152777777777771,False,0.057911524785609646,0.057911524785609646
custom_boosting,B08,lower_bound,1.0,5,True,10.624444444444444,False,0.9058774314996862,0.9058774314996862
custom_boosting,B08,lower_bound,1.0,10,True,10.624444444444444,False,0.9058774314996862,0.9058774314996862
custom_boosting,B08,lower_bound,1.0,20,True,10.624444444444444,False,0.9058774314996862,0.9058774314996862
custom_boosting,B08,point,2.0,5,True,3.437222222222222,False,0.13527504706128424,0.13527504706128424
custom_boosting,B08,point,2.0,10,True,3.437222222222222,False,0.13527504706128424,0.13527504706128424
custom_boosting,B08,point,2.0,20,True,3.437222222222222,False,0.13527504706128424,0.13527504706128424
custom_boosting,B08,lower_bound,2.0,5,True,10.624444444444444,False,0.8117548629993725,0.8117548629993725
custom_boosting,B08,lower_bound,2.0,10,True,10.624444444444444,False,0.8117548629993725,0.8117548629993725
custom_boosting,B08,lower_bound,2.0,20,True,10.624444444444444,False,0.8117548629993725,0.8117548629993725
custom_boosting,B10,point,0.5,5,False,0.0,True,0.0,5.0
custom_boosting,B10,point,0.5,10,False,0.0,True,0.0,10.0
custom_boosting,B10,point,0.5,20,False,0.0,True,0.0,20.0
custom_boosting,B10,lower_bound,0.5,5,True,3.119166666666666,False,0.13788111427944721,0.13788111427944721
custom_boosting,B10,lower_bound,0.5,10,True,3.119166666666666,False,0.13788111427944721,0.13788111427944721
custom_boosting,B10,lower_bound,0.5,20,True,3.119166666666666,False,0.13788111427944721,0.13788111427944721
custom_boosting,B10,point,1.0,5,False,0.0,True,0.0,5.0
custom_boosting,B10,point,1.0,10,False,0.0,True,0.0,10.0
custom_boosting,B10,point,1.0,20,False,0.0,True,0.0,20.0
custom_boosting,B10,lower_bound,1.0,5,True,9.807222222222222,False,0.463639687065877,0.463639687065877
custom_boosting,B10,lower_bound,1.0,10,True,9.807222222222222,False,0.463639687065877,0.463639687065877
custom_boosting,B10,lower_bound,1.0,20,True,9.807222222222222,False,0.463639687065877,0.463639687065877
custom_boosting,B10,point,2.0,5,False,0.0,True,0.0,5.0
custom_boosting,B10,point,2.0,10,False,0.0,True,0.0,10.0
custom_boosting,B10,point,2.0,20,False,0.0,True,0.0,20.0
custom_boosting,B10,lower_bound,2.0,5,True,17.398611111111112,False,0.810630986327411,0.810630986327411
custom_boosting,B10,lower_bound,2.0,10,True,17.398611111111112,False,0.810630986327411,0.810630986327411
custom_boosting,B10,lower_bound,2.0,20,True,17.398611111111112,False,0.810630986327411,0.810630986327411
custom_boosting,B11,point,0.5,5,False,0.0,True,0.0,5.0
custom_boosting,B11,point,0.5,10,False,0.0,True,0.0,10.0
custom_boosting,B11,point,0.5,20,False,0.0,True,0.0,20.0
custom_boosting,B11,lower_bound,0.5,5,True,0.4619444444444429,True,0.0,5.0
custom_boosting,B11,lower_bound,0.5,10,True,0.4619444444444429,True,0.0,10.0
custom_boosting,B11,lower_bound,0.5,20,True,0.4619444444444429,True,0.0,20.0
custom_boosting,B11,point,1.0,5,False,0.0,True,0.0,5.0
custom_boosting,B11,point,1.0,10,False,0.0,True,0.0,10.0
custom_boosting,B11,point,1.0,20,False,0.0,True,0.0,20.0
custom_boosting,B11,lower_bound,1.0,5,True,0.5555555555555554,True,0.0,5.0
custom_boosting,B11,lower_bound,1.0,10,True,0.5555555555555554,True,0.0,10.0
custom_boosting,B11,lower_bound,1.0,20,True,0.5555555555555554,True,0.0,20.0
custom_boosting,B11,point,2.0,5,False,0.0,True,0.0,5.0
custom_boosting,B11,point,2.0,10,False,0.0,True,0.0,10.0
custom_boosting,B11,point,2.0,20,False,0.0,True,0.0,20.0
custom_boosting,B11,lower_bound,2.0,5,True,2.6375,False,0.07210405604951461,0.07210405604951461
custom_boosting,B11,lower_bound,2.0,10,True,2.6375,False,0.07210405604951461,0.07210405604951461
custom_boosting,B11,lower_bound,2.0,20,True,2.6375,False,0.07210405604951461,0.07210405604951461
custom_boosting,B12,point,0.5,5,False,0.0,True,0.0,5.0
custom_boosting,B12,point,0.5,10,False,0.0,True,0.0,10.0
custom_boosting,B12,point,0.5,20,False,0.0,True,0.0,20.0
custom_boosting,B12,lower_bound,0.5,5,True,1.6513888888888886,False,0.45152505446623087,0.45152505446623087
custom_boosting,B12,lower_bound,0.5,10,True,1.6513888888888886,False,0.45152505446623087,0.45152505446623087
custom_boosting,B12,lower_bound,0.5,20,True,1.6513888888888886,False,0.45152505446623087,0.45152505446623087
custom_boosting,B12,point,1.0,5,False,0.0,True,0.0,5.0
custom_boosting,B12,point,1.0,10,False,0.0,True,0.0,10.0
custom_boosting,B12,point,1.0,20,False,0.0,True,0.0,20.0
custom_boosting,B12,lower_bound,1.0,5,True,2.313055555555555,False,0.5149237472766883,0.5149237472766883
custom_boosting,B12,lower_bound,1.0,10,True,2.313055555555555,False,0.5149237472766883,0.5149237472766883
custom_boosting,B12,lower_bound,1.0,20,True,2.313055555555555,False,0.5149237472766883,0.5149237472766883
custom_boosting,B12,point,2.0,5,False,0.0,True,0.0,5.0
custom_boosting,B12,point,2.0,10,False,0.0,True,0.0,10.0
custom_boosting,B12,point,2.0,20,False,0.0,True,0.0,20.0
custom_boosting,B12,lower_bound,2.0,5,True,2.346388888888889,False,0.135838779956427,0.135838779956427
custom_boosting,B12,lower_bound,2.0,10,True,2.346388888888889,False,0.135838779956427,0.135838779956427
custom_boosting,B12,lower_bound,2.0,20,True,2.346388888888889,False,0.135838779956427,0.135838779956427
custom_boosting,B17,point,0.5,5,True,2.304166666666667,False,0.10982228910569658,0.10982228910569658
custom_boosting,B17,point,0.5,10,True,2.304166666666667,False,0.10982228910569658,0.10982228910569658
custom_boosting,B17,point,0.5,20,True,2.304166666666667,False,0.10982228910569658,0.10982228910569658
custom_boosting,B17,lower_bound,0.5,5,True,16.255833333333335,False,0.9590808407027275,0.9590808407027275
custom_boosting,B17,lower_bound,0.5,10,True,16.255833333333335,False,0.9590808407027275,0.9590808407027275
custom_boosting,B17,lower_bound,0.5,20,True,16.255833333333335,False,0.9590808407027275,0.9590808407027275
custom_boosting,B17,point,1.0,5,True,2.4622222222222216,False,0.08900762584332354,0.08900762584332354
custom_boosting,B17,point,1.0,10,True,2.4622222222222216,False,0.08900762584332354,0.08900762584332354
custom_boosting,B17,point,1.0,20,True,2.4622222222222216,False,0.08900762584332354,0.08900762584332354
custom_boosting,B17,lower_bound,1.0,5,True,16.428055555555556,False,0.9391285233594292,0.9391285233594292
custom_boosting,B17,lower_bound,1.0,10,True,16.428055555555556,False,0.9391285233594292,0.9391285233594292
custom_boosting,B17,lower_bound,1.0,20,True,16.428055555555556,False,0.9391285233594292,0.9391285233594292
custom_boosting,B17,point,2.0,5,True,3.386944444444445,False,0.08442535635176954,0.08442535635176954
custom_boosting,B17,point,2.0,10,True,3.386944444444445,False,0.08442535635176954,0.08442535635176954
custom_boosting,B17,point,2.0,20,True,3.386944444444445,False,0.08442535635176954,0.08442535635176954
custom_boosting,B17,lower_bound,2.0,5,True,16.428055555555556,False,0.8782570467188583,0.8782570467188583
custom_boosting,B17,lower_bound,2.0,10,True,16.428055555555556,False,0.8782570467188583,0.8782570467188583
custom_boosting,B17,lower_bound,2.0,20,True,16.428055555555556,False,0.8782570467188583,0.8782570467188583
degradation,B02,point,0.5,5,False,0.0,True,0.0,5.0
degradation,B02,point,0.5,10,False,0.0,True,0.0,10.0
degradation,B02,point,0.5,20,False,0.0,True,0.0,20.0
degradation,B02,lower_bound,0.5,5,True,5.514722222222222,False,0.8927847287473418,0.8927847287473418
degradation,B02,lower_bound,0.5,10,True,5.514722222222222,False,0.8927847287473418,0.8927847287473418
degradation,B02,lower_bound,0.5,20,True,5.514722222222222,False,0.8927847287473418,0.8927847287473418
degradation,B02,point,1.0,5,False,0.0,True,0.0,5.0
degradation,B02,point,1.0,10,False,0.0,True,0.0,10.0
degradation,B02,point,1.0,20,False,0.0,True,0.0,20.0
degradation,B02,lower_bound,1.0,5,True,5.514722222222222,False,0.8037683596261312,0.8037683596261312
degradation,B02,lower_bound,1.0,10,True,5.514722222222222,False,0.8037683596261312,0.8037683596261312
degradation,B02,lower_bound,1.0,20,True,5.514722222222222,False,0.8037683596261312,0.8037683596261312
degradation,B02,point,2.0,5,False,0.0,True,0.0,5.0
degradation,B02,point,2.0,10,False,0.0,True,0.0,10.0
degradation,B02,point,2.0,20,False,0.0,True,0.0,20.0
degradation,B02,lower_bound,2.0,5,True,5.616944444444444,False,0.6439345235151575,0.6439345235151575
degradation,B02,lower_bound,2.0,10,True,5.616944444444444,False,0.6439345235151575,0.6439345235151575
degradation,B02,lower_bound,2.0,20,True,5.616944444444444,False,0.6439345235151575,0.6439345235151575
degradation,B03,point,0.5,5,False,0.0,True,0.0,5.0
degradation,B03,point,0.5,10,False,0.0,True,0.0,10.0
degradation,B03,point,0.5,20,False,0.0,True,0.0,20.0
degradation,B03,lower_bound,0.5,5,True,3.2158333333333333,False,0.8445193055195647,0.8445193055195647
degradation,B03,lower_bound,0.5,10,True,3.2158333333333333,False,0.8445193055195647,0.8445193055195647
degradation,B03,lower_bound,0.5,20,True,3.2158333333333333,False,0.8445193055195647,0.8445193055195647
degradation,B03,point,1.0,5,False,0.0,True,0.0,5.0
degradation,B03,point,1.0,10,False,0.0,True,0.0,10.0
degradation,B03,point,1.0,20,False,0.0,True,0.0,20.0
degradation,B03,lower_bound,1.0,5,True,3.2158333333333333,False,0.6890386110391293,0.6890386110391293
degradation,B03,lower_bound,1.0,10,True,3.2158333333333333,False,0.6890386110391293,0.6890386110391293
degradation,B03,lower_bound,1.0,20,True,3.2158333333333333,False,0.6890386110391293,0.6890386110391293
degradation,B03,point,2.0,5,True,0.0361111111111109,True,0.0,5.0
degradation,B03,point,2.0,10,True,0.0361111111111109,True,0.0,10.0
degradation,B03,point,2.0,20,True,0.0361111111111109,True,0.0,20.0
degradation,B03,lower_bound,2.0,5,True,3.2158333333333333,False,0.3780772220782586,0.3780772220782586
degradation,B03,lower_bound,2.0,10,True,3.2158333333333333,False,0.3780772220782586,0.3780772220782586
degradation,B03,lower_bound,2.0,20,True,3.2158333333333333,False,0.3780772220782586,0.3780772220782586
degradation,B04,point,0.5,5,False,0.0,True,0.0,5.0
degradation,B04,point,0.5,10,False,0.0,True,0.0,10.0
degradation,B04,point,0.5,20,False,0.0,True,0.0,20.0
degradation,B04,lower_bound,0.5,5,True,5.696944444444444,False,0.9122336535179677,0.9122336535179677
degradation,B04,lower_bound,0.5,10,True,5.696944444444444,False,0.9122336535179677,0.9122336535179677
degradation,B04,lower_bound,0.5,20,True,5.696944444444444,False,0.9122336535179677,0.9122336535179677
degradation,B04,point,1.0,5,True,3.267777777777777,False,0.39806914037739516,0.39806914037739516
degradation,B04,point,1.0,10,True,3.267777777777777,False,0.39806914037739516,0.39806914037739516
degradation,B04,point,1.0,20,True,3.267777777777777,False,0.39806914037739516,0.39806914037739516
degradation,B04,lower_bound,1.0,5,True,5.696944444444444,False,0.8244673070359354,0.8244673070359354
degradation,B04,lower_bound,1.0,10,True,5.696944444444444,False,0.8244673070359354,0.8244673070359354
degradation,B04,lower_bound,1.0,20,True,5.696944444444444,False,0.8244673070359354,0.8244673070359354
degradation,B04,point,2.0,5,True,3.342222222222222,False,0.23560388122287773,0.23560388122287773
degradation,B04,point,2.0,10,True,3.342222222222222,False,0.23560388122287773,0.23560388122287773
degradation,B04,point,2.0,20,True,3.342222222222222,False,0.23560388122287773,0.23560388122287773
degradation,B04,lower_bound,2.0,5,True,5.696944444444444,False,0.6489346140718709,0.6489346140718709
degradation,B04,lower_bound,2.0,10,True,5.696944444444444,False,0.6489346140718709,0.6489346140718709
degradation,B04,lower_bound,2.0,20,True,5.696944444444444,False,0.6489346140718709,0.6489346140718709
degradation,B08,point,0.5,5,False,0.0,True,0.0,5.0
degradation,B08,point,0.5,10,False,0.0,True,0.0,10.0
degradation,B08,point,0.5,20,False,0.0,True,0.0,20.0
degradation,B08,lower_bound,0.5,5,True,10.624444444444444,False,0.9529387157498431,0.9529387157498431
degradation,B08,lower_bound,0.5,10,True,10.624444444444444,False,0.9529387157498431,0.9529387157498431
degradation,B08,lower_bound,0.5,20,True,10.624444444444444,False,0.9529387157498431,0.9529387157498431
degradation,B08,point,1.0,5,False,0.0,True,0.0,5.0
degradation,B08,point,1.0,10,False,0.0,True,0.0,10.0
degradation,B08,point,1.0,20,False,0.0,True,0.0,20.0
degradation,B08,lower_bound,1.0,5,True,10.624444444444444,False,0.9058774314996862,0.9058774314996862
degradation,B08,lower_bound,1.0,10,True,10.624444444444444,False,0.9058774314996862,0.9058774314996862
degradation,B08,lower_bound,1.0,20,True,10.624444444444444,False,0.9058774314996862,0.9058774314996862
degradation,B08,point,2.0,5,False,0.0,True,0.0,5.0
degradation,B08,point,2.0,10,False,0.0,True,0.0,10.0
degradation,B08,point,2.0,20,False,0.0,True,0.0,20.0
degradation,B08,lower_bound,2.0,5,True,10.624444444444444,False,0.8117548629993725,0.8117548629993725
degradation,B08,lower_bound,2.0,10,True,10.624444444444444,False,0.8117548629993725,0.8117548629993725
degradation,B08,lower_bound,2.0,20,True,10.624444444444444,False,0.8117548629993725,0.8117548629993725
degradation,B10,point,0.5,5,True,18.81222222222222,False,0.9640125758572786,0.9640125758572786
degradation,B10,point,0.5,10,True,18.81222222222222,False,0.9640125758572786,0.9640125758572786
degradation,B10,point,0.5,20,True,18.81222222222222,False,0.9640125758572786,0.9640125758572786
degradation,B10,lower_bound,0.5,5,True,18.89583333333333,False,0.9684141259048035,0.9684141259048035
degradation,B10,lower_bound,0.5,10,True,18.89583333333333,False,0.9684141259048035,0.9684141259048035
degradation,B10,lower_bound,0.5,20,True,18.89583333333333,False,0.9684141259048035,0.9684141259048035
degradation,B10,point,1.0,5,True,18.81222222222222,False,0.9376910141112816,0.9376910141112816
degradation,B10,point,1.0,10,True,18.81222222222222,False,0.9376910141112816,0.9376910141112816
degradation,B10,point,1.0,20,True,18.81222222222222,False,0.9376910141112816,0.9376910141112816
degradation,B10,lower_bound,1.0,5,True,18.89583333333333,False,0.9420925641588065,0.9420925641588065
degradation,B10,lower_bound,1.0,10,True,18.89583333333333,False,0.9420925641588065,0.9420925641588065
degradation,B10,lower_bound,1.0,20,True,18.89583333333333,False,0.9420925641588065,0.9420925641588065
degradation,B10,point,2.0,5,True,18.81222222222222,False,0.8850478906192878,0.8850478906192878
degradation,B10,point,2.0,10,True,18.81222222222222,False,0.8850478906192878,0.8850478906192878
degradation,B10,point,2.0,20,True,18.81222222222222,False,0.8850478906192878,0.8850478906192878
degradation,B10,lower_bound,2.0,5,True,18.995833333333334,False,0.8947137530160123,0.8947137530160123
degradation,B10,lower_bound,2.0,10,True,18.995833333333334,False,0.8947137530160123,0.8947137530160123
degradation,B10,lower_bound,2.0,20,True,18.995833333333334,False,0.8947137530160123,0.8947137530160123
degradation,B11,point,0.5,5,False,0.0,True,0.0,5.0
degradation,B11,point,0.5,10,False,0.0,True,0.0,10.0
degradation,B11,point,0.5,20,False,0.0,True,0.0,20.0
degradation,B11,lower_bound,0.5,5,True,5.530277777777777,False,0.5689465581702221,0.5689465581702221
degradation,B11,lower_bound,0.5,10,True,5.530277777777777,False,0.5689465581702221,0.5689465581702221
degradation,B11,lower_bound,0.5,20,True,5.530277777777777,False,0.5689465581702221,0.5689465581702221
degradation,B11,point,1.0,5,False,0.0,True,0.0,5.0
degradation,B11,point,1.0,10,False,0.0,True,0.0,10.0
degradation,B11,point,1.0,20,False,0.0,True,0.0,20.0
degradation,B11,lower_bound,1.0,5,True,5.535555555555555,False,0.5129912972446511,0.5129912972446511
degradation,B11,lower_bound,1.0,10,True,5.535555555555555,False,0.5129912972446511,0.5129912972446511
degradation,B11,lower_bound,1.0,20,True,5.535555555555555,False,0.5129912972446511,0.5129912972446511
degradation,B11,point,2.0,5,False,0.0,True,0.0,5.0
degradation,B11,point,2.0,10,False,0.0,True,0.0,10.0
degradation,B11,point,2.0,20,False,0.0,True,0.0,20.0
degradation,B11,lower_bound,2.0,5,True,5.535555555555555,False,0.39988689559835366,0.39988689559835366
degradation,B11,lower_bound,2.0,10,True,5.535555555555555,False,0.39988689559835366,0.39988689559835366
degradation,B11,lower_bound,2.0,20,True,5.535555555555555,False,0.39988689559835366,0.39988689559835366
degradation,B12,point,0.5,5,False,0.0,True,0.0,5.0
degradation,B12,point,0.5,10,False,0.0,True,0.0,10.0
degradation,B12,point,0.5,20,False,0.0,True,0.0,20.0
degradation,B12,lower_bound,0.5,5,True,2.3163888888888886,False,0.7123093681917211,0.7123093681917211
degradation,B12,lower_bound,0.5,10,True,2.3163888888888886,False,0.7123093681917211,0.7123093681917211
degradation,B12,lower_bound,0.5,20,True,2.3163888888888886,False,0.7123093681917211,0.7123093681917211
degradation,B12,point,1.0,5,False,0.0,True,0.0,5.0
degradation,B12,point,1.0,10,False,0.0,True,0.0,10.0
degradation,B12,point,1.0,20,False,0.0,True,0.0,20.0
degradation,B12,lower_bound,1.0,5,True,2.55,False,0.6078431372549019,0.6078431372549019
degradation,B12,lower_bound,1.0,10,True,2.55,False,0.6078431372549019,0.6078431372549019
degradation,B12,lower_bound,1.0,20,True,2.55,False,0.6078431372549019,0.6078431372549019
degradation,B12,point,2.0,5,False,0.0,True,0.0,5.0
degradation,B12,point,2.0,10,False,0.0,True,0.0,10.0
degradation,B12,point,2.0,20,False,0.0,True,0.0,20.0
degradation,B12,lower_bound,2.0,5,True,2.55,False,0.21568627450980388,0.21568627450980388
degradation,B12,lower_bound,2.0,10,True,2.55,False,0.21568627450980388,0.21568627450980388
degradation,B12,lower_bound,2.0,20,True,2.55,False,0.21568627450980388,0.21568627450980388
degradation,B17,point,0.5,5,False,0.0,True,0.0,5.0
degradation,B17,point,0.5,10,False,0.0,True,0.0,10.0
degradation,B17,point,0.5,20,False,0.0,True,0.0,20.0
degradation,B17,lower_bound,0.5,5,True,16.323611111111113,False,0.9632065741194773,0.9632065741194773
degradation,B17,lower_bound,0.5,10,True,16.323611111111113,False,0.9632065741194773,0.9632065741194773
degradation,B17,lower_bound,0.5,20,True,16.323611111111113,False,0.9632065741194773,0.9632065741194773
degradation,B17,point,1.0,5,False,0.0,True,0.0,5.0
degradation,B17,point,1.0,10,False,0.0,True,0.0,10.0
degradation,B17,point,1.0,20,False,0.0,True,0.0,20.0
degradation,B17,lower_bound,1.0,5,True,16.428055555555556,False,0.9391285233594292,0.9391285233594292
degradation,B17,lower_bound,1.0,10,True,16.428055555555556,False,0.9391285233594292,0.9391285233594292
degradation,B17,lower_bound,1.0,20,True,16.428055555555556,False,0.9391285233594292,0.9391285233594292
degradation,B17,point,2.0,5,False,0.0,True,0.0,5.0
degradation,B17,point,2.0,10,False,0.0,True,0.0,10.0
degradation,B17,point,2.0,20,False,0.0,True,0.0,20.0
degradation,B17,lower_bound,2.0,5,True,16.428055555555556,False,0.8782570467188583,0.8782570467188583
degradation,B17,lower_bound,2.0,10,True,16.428055555555556,False,0.8782570467188583,0.8782570467188583
degradation,B17,lower_bound,2.0,20,True,16.428055555555556,False,0.8782570467188583,0.8782570467188583
elapsed_clock,B02,point,0.5,5,True,5.616944444444444,False,0.9109836308787894,0.9109836308787894
elapsed_clock,B02,point,0.5,10,True,5.616944444444444,False,0.9109836308787894,0.9109836308787894
elapsed_clock,B02,point,0.5,20,True,5.616944444444444,False,0.9109836308787894,0.9109836308787894
elapsed_clock,B02,lower_bound,0.5,5,True,5.616944444444444,False,0.9109836308787894,0.9109836308787894
elapsed_clock,B02,lower_bound,0.5,10,True,5.616944444444444,False,0.9109836308787894,0.9109836308787894
elapsed_clock,B02,lower_bound,0.5,20,True,5.616944444444444,False,0.9109836308787894,0.9109836308787894
elapsed_clock,B02,point,1.0,5,True,5.616944444444444,False,0.8219672617575787,0.8219672617575787
elapsed_clock,B02,point,1.0,10,True,5.616944444444444,False,0.8219672617575787,0.8219672617575787
elapsed_clock,B02,point,1.0,20,True,5.616944444444444,False,0.8219672617575787,0.8219672617575787
elapsed_clock,B02,lower_bound,1.0,5,True,5.616944444444444,False,0.8219672617575787,0.8219672617575787
elapsed_clock,B02,lower_bound,1.0,10,True,5.616944444444444,False,0.8219672617575787,0.8219672617575787
elapsed_clock,B02,lower_bound,1.0,20,True,5.616944444444444,False,0.8219672617575787,0.8219672617575787
elapsed_clock,B02,point,2.0,5,True,5.616944444444444,False,0.6439345235151575,0.6439345235151575
elapsed_clock,B02,point,2.0,10,True,5.616944444444444,False,0.6439345235151575,0.6439345235151575
elapsed_clock,B02,point,2.0,20,True,5.616944444444444,False,0.6439345235151575,0.6439345235151575
elapsed_clock,B02,lower_bound,2.0,5,True,5.616944444444444,False,0.6439345235151575,0.6439345235151575
elapsed_clock,B02,lower_bound,2.0,10,True,5.616944444444444,False,0.6439345235151575,0.6439345235151575
elapsed_clock,B02,lower_bound,2.0,20,True,5.616944444444444,False,0.6439345235151575,0.6439345235151575
elapsed_clock,B03,point,0.5,5,True,3.2158333333333333,False,0.8445193055195647,0.8445193055195647
elapsed_clock,B03,point,0.5,10,True,3.2158333333333333,False,0.8445193055195647,0.8445193055195647
elapsed_clock,B03,point,0.5,20,True,3.2158333333333333,False,0.8445193055195647,0.8445193055195647
elapsed_clock,B03,lower_bound,0.5,5,True,3.2158333333333333,False,0.8445193055195647,0.8445193055195647
elapsed_clock,B03,lower_bound,0.5,10,True,3.2158333333333333,False,0.8445193055195647,0.8445193055195647
elapsed_clock,B03,lower_bound,0.5,20,True,3.2158333333333333,False,0.8445193055195647,0.8445193055195647
elapsed_clock,B03,point,1.0,5,True,3.2158333333333333,False,0.6890386110391293,0.6890386110391293
elapsed_clock,B03,point,1.0,10,True,3.2158333333333333,False,0.6890386110391293,0.6890386110391293
elapsed_clock,B03,point,1.0,20,True,3.2158333333333333,False,0.6890386110391293,0.6890386110391293
elapsed_clock,B03,lower_bound,1.0,5,True,3.2158333333333333,False,0.6890386110391293,0.6890386110391293
elapsed_clock,B03,lower_bound,1.0,10,True,3.2158333333333333,False,0.6890386110391293,0.6890386110391293
elapsed_clock,B03,lower_bound,1.0,20,True,3.2158333333333333,False,0.6890386110391293,0.6890386110391293
elapsed_clock,B03,point,2.0,5,True,3.2158333333333333,False,0.3780772220782586,0.3780772220782586
elapsed_clock,B03,point,2.0,10,True,3.2158333333333333,False,0.3780772220782586,0.3780772220782586
elapsed_clock,B03,point,2.0,20,True,3.2158333333333333,False,0.3780772220782586,0.3780772220782586
elapsed_clock,B03,lower_bound,2.0,5,True,3.2158333333333333,False,0.3780772220782586,0.3780772220782586
elapsed_clock,B03,lower_bound,2.0,10,True,3.2158333333333333,False,0.3780772220782586,0.3780772220782586
elapsed_clock,B03,lower_bound,2.0,20,True,3.2158333333333333,False,0.3780772220782586,0.3780772220782586
elapsed_clock,B04,point,0.5,5,True,5.696944444444444,False,0.9122336535179677,0.9122336535179677
elapsed_clock,B04,point,0.5,10,True,5.696944444444444,False,0.9122336535179677,0.9122336535179677
elapsed_clock,B04,point,0.5,20,True,5.696944444444444,False,0.9122336535179677,0.9122336535179677
elapsed_clock,B04,lower_bound,0.5,5,True,5.696944444444444,False,0.9122336535179677,0.9122336535179677
elapsed_clock,B04,lower_bound,0.5,10,True,5.696944444444444,False,0.9122336535179677,0.9122336535179677
elapsed_clock,B04,lower_bound,0.5,20,True,5.696944444444444,False,0.9122336535179677,0.9122336535179677
elapsed_clock,B04,point,1.0,5,True,5.696944444444444,False,0.8244673070359354,0.8244673070359354
elapsed_clock,B04,point,1.0,10,True,5.696944444444444,False,0.8244673070359354,0.8244673070359354
elapsed_clock,B04,point,1.0,20,True,5.696944444444444,False,0.8244673070359354,0.8244673070359354
elapsed_clock,B04,lower_bound,1.0,5,True,5.696944444444444,False,0.8244673070359354,0.8244673070359354
elapsed_clock,B04,lower_bound,1.0,10,True,5.696944444444444,False,0.8244673070359354,0.8244673070359354
elapsed_clock,B04,lower_bound,1.0,20,True,5.696944444444444,False,0.8244673070359354,0.8244673070359354
elapsed_clock,B04,point,2.0,5,True,5.696944444444444,False,0.6489346140718709,0.6489346140718709
elapsed_clock,B04,point,2.0,10,True,5.696944444444444,False,0.6489346140718709,0.6489346140718709
elapsed_clock,B04,point,2.0,20,True,5.696944444444444,False,0.6489346140718709,0.6489346140718709
elapsed_clock,B04,lower_bound,2.0,5,True,5.696944444444444,False,0.6489346140718709,0.6489346140718709
elapsed_clock,B04,lower_bound,2.0,10,True,5.696944444444444,False,0.6489346140718709,0.6489346140718709
elapsed_clock,B04,lower_bound,2.0,20,True,5.696944444444444,False,0.6489346140718709,0.6489346140718709
elapsed_clock,B08,point,0.5,5,True,10.624444444444444,False,0.9529387157498431,0.9529387157498431
elapsed_clock,B08,point,0.5,10,True,10.624444444444444,False,0.9529387157498431,0.9529387157498431
elapsed_clock,B08,point,0.5,20,True,10.624444444444444,False,0.9529387157498431,0.9529387157498431
elapsed_clock,B08,lower_bound,0.5,5,True,10.624444444444444,False,0.9529387157498431,0.9529387157498431
elapsed_clock,B08,lower_bound,0.5,10,True,10.624444444444444,False,0.9529387157498431,0.9529387157498431
elapsed_clock,B08,lower_bound,0.5,20,True,10.624444444444444,False,0.9529387157498431,0.9529387157498431
elapsed_clock,B08,point,1.0,5,True,10.624444444444444,False,0.9058774314996862,0.9058774314996862
elapsed_clock,B08,point,1.0,10,True,10.624444444444444,False,0.9058774314996862,0.9058774314996862
elapsed_clock,B08,point,1.0,20,True,10.624444444444444,False,0.9058774314996862,0.9058774314996862
elapsed_clock,B08,lower_bound,1.0,5,True,10.624444444444444,False,0.9058774314996862,0.9058774314996862
elapsed_clock,B08,lower_bound,1.0,10,True,10.624444444444444,False,0.9058774314996862,0.9058774314996862
elapsed_clock,B08,lower_bound,1.0,20,True,10.624444444444444,False,0.9058774314996862,0.9058774314996862
elapsed_clock,B08,point,2.0,5,True,10.624444444444444,False,0.8117548629993725,0.8117548629993725
elapsed_clock,B08,point,2.0,10,True,10.624444444444444,False,0.8117548629993725,0.8117548629993725
elapsed_clock,B08,point,2.0,20,True,10.624444444444444,False,0.8117548629993725,0.8117548629993725
elapsed_clock,B08,lower_bound,2.0,5,True,10.624444444444444,False,0.8117548629993725,0.8117548629993725
elapsed_clock,B08,lower_bound,2.0,10,True,10.624444444444444,False,0.8117548629993725,0.8117548629993725
elapsed_clock,B08,lower_bound,2.0,20,True,10.624444444444444,False,0.8117548629993725,0.8117548629993725
elapsed_clock,B10,point,0.5,5,True,18.995833333333334,False,0.973678438254003,0.973678438254003
elapsed_clock,B10,point,0.5,10,True,18.995833333333334,False,0.973678438254003,0.973678438254003
elapsed_clock,B10,point,0.5,20,True,18.995833333333334,False,0.973678438254003,0.973678438254003
elapsed_clock,B10,lower_bound,0.5,5,True,18.995833333333334,False,0.973678438254003,0.973678438254003
elapsed_clock,B10,lower_bound,0.5,10,True,18.995833333333334,False,0.973678438254003,0.973678438254003
elapsed_clock,B10,lower_bound,0.5,20,True,18.995833333333334,False,0.973678438254003,0.973678438254003
elapsed_clock,B10,point,1.0,5,True,18.995833333333334,False,0.9473568765080062,0.9473568765080062
elapsed_clock,B10,point,1.0,10,True,18.995833333333334,False,0.9473568765080062,0.9473568765080062
elapsed_clock,B10,point,1.0,20,True,18.995833333333334,False,0.9473568765080062,0.9473568765080062
elapsed_clock,B10,lower_bound,1.0,5,True,18.995833333333334,False,0.9473568765080062,0.9473568765080062
elapsed_clock,B10,lower_bound,1.0,10,True,18.995833333333334,False,0.9473568765080062,0.9473568765080062
elapsed_clock,B10,lower_bound,1.0,20,True,18.995833333333334,False,0.9473568765080062,0.9473568765080062
elapsed_clock,B10,point,2.0,5,True,18.995833333333334,False,0.8947137530160123,0.8947137530160123
elapsed_clock,B10,point,2.0,10,True,18.995833333333334,False,0.8947137530160123,0.8947137530160123
elapsed_clock,B10,point,2.0,20,True,18.995833333333334,False,0.8947137530160123,0.8947137530160123
elapsed_clock,B10,lower_bound,2.0,5,True,18.995833333333334,False,0.8947137530160123,0.8947137530160123
elapsed_clock,B10,lower_bound,2.0,10,True,18.995833333333334,False,0.8947137530160123,0.8947137530160123
elapsed_clock,B10,lower_bound,2.0,20,True,18.995833333333334,False,0.8947137530160123,0.8947137530160123
elapsed_clock,B11,point,0.5,5,True,8.841388888888888,False,0.9434477991768513,0.9434477991768513
elapsed_clock,B11,point,0.5,10,True,8.841388888888888,False,0.9434477991768513,0.9434477991768513
elapsed_clock,B11,point,0.5,20,True,8.841388888888888,False,0.9434477991768513,0.9434477991768513
elapsed_clock,B11,lower_bound,0.5,5,True,8.841388888888888,False,0.9434477991768513,0.9434477991768513
elapsed_clock,B11,lower_bound,0.5,10,True,8.841388888888888,False,0.9434477991768513,0.9434477991768513
elapsed_clock,B11,lower_bound,0.5,20,True,8.841388888888888,False,0.9434477991768513,0.9434477991768513
elapsed_clock,B11,point,1.0,5,True,8.841388888888888,False,0.8868955983537026,0.8868955983537026
elapsed_clock,B11,point,1.0,10,True,8.841388888888888,False,0.8868955983537026,0.8868955983537026
elapsed_clock,B11,point,1.0,20,True,8.841388888888888,False,0.8868955983537026,0.8868955983537026
elapsed_clock,B11,lower_bound,1.0,5,True,8.841388888888888,False,0.8868955983537026,0.8868955983537026
elapsed_clock,B11,lower_bound,1.0,10,True,8.841388888888888,False,0.8868955983537026,0.8868955983537026
elapsed_clock,B11,lower_bound,1.0,20,True,8.841388888888888,False,0.8868955983537026,0.8868955983537026
elapsed_clock,B11,point,2.0,5,True,8.841388888888888,False,0.7737911967074051,0.7737911967074051
elapsed_clock,B11,point,2.0,10,True,8.841388888888888,False,0.7737911967074051,0.7737911967074051
elapsed_clock,B11,point,2.0,20,True,8.841388888888888,False,0.7737911967074051,0.7737911967074051
elapsed_clock,B11,lower_bound,2.0,5,True,8.841388888888888,False,0.7737911967074051,0.7737911967074051
elapsed_clock,B11,lower_bound,2.0,10,True,8.841388888888888,False,0.7737911967074051,0.7737911967074051
elapsed_clock,B11,lower_bound,2.0,20,True,8.841388888888888,False,0.7737911967074051,0.7737911967074051
elapsed_clock,B12,point,0.5,5,True,2.55,False,0.803921568627451,0.803921568627451
elapsed_clock,B12,point,0.5,10,True,2.55,False,0.803921568627451,0.803921568627451
elapsed_clock,B12,point,0.5,20,True,2.55,False,0.803921568627451,0.803921568627451
elapsed_clock,B12,lower_bound,0.5,5,True,2.55,False,0.803921568627451,0.803921568627451
elapsed_clock,B12,lower_bound,0.5,10,True,2.55,False,0.803921568627451,0.803921568627451
elapsed_clock,B12,lower_bound,0.5,20,True,2.55,False,0.803921568627451,0.803921568627451
elapsed_clock,B12,point,1.0,5,True,2.55,False,0.6078431372549019,0.6078431372549019
elapsed_clock,B12,point,1.0,10,True,2.55,False,0.6078431372549019,0.6078431372549019
elapsed_clock,B12,point,1.0,20,True,2.55,False,0.6078431372549019,0.6078431372549019
elapsed_clock,B12,lower_bound,1.0,5,True,2.55,False,0.6078431372549019,0.6078431372549019
elapsed_clock,B12,lower_bound,1.0,10,True,2.55,False,0.6078431372549019,0.6078431372549019
elapsed_clock,B12,lower_bound,1.0,20,True,2.55,False,0.6078431372549019,0.6078431372549019
elapsed_clock,B12,point,2.0,5,True,2.55,False,0.21568627450980388,0.21568627450980388
elapsed_clock,B12,point,2.0,10,True,2.55,False,0.21568627450980388,0.21568627450980388
elapsed_clock,B12,point,2.0,20,True,2.55,False,0.21568627450980388,0.21568627450980388
elapsed_clock,B12,lower_bound,2.0,5,True,2.55,False,0.21568627450980388,0.21568627450980388
elapsed_clock,B12,lower_bound,2.0,10,True,2.55,False,0.21568627450980388,0.21568627450980388
elapsed_clock,B12,lower_bound,2.0,20,True,2.55,False,0.21568627450980388,0.21568627450980388
elapsed_clock,B17,point,0.5,5,True,16.428055555555556,False,0.9695642616797145,0.9695642616797145
elapsed_clock,B17,point,0.5,10,True,16.428055555555556,False,0.9695642616797145,0.9695642616797145
elapsed_clock,B17,point,0.5,20,True,16.428055555555556,False,0.9695642616797145,0.9695642616797145
elapsed_clock,B17,lower_bound,0.5,5,True,16.428055555555556,False,0.9695642616797145,0.9695642616797145
elapsed_clock,B17,lower_bound,0.5,10,True,16.428055555555556,False,0.9695642616797145,0.9695642616797145
elapsed_clock,B17,lower_bound,0.5,20,True,16.428055555555556,False,0.9695642616797145,0.9695642616797145
elapsed_clock,B17,point,1.0,5,True,16.428055555555556,False,0.9391285233594292,0.9391285233594292
elapsed_clock,B17,point,1.0,10,True,16.428055555555556,False,0.9391285233594292,0.9391285233594292
elapsed_clock,B17,point,1.0,20,True,16.428055555555556,False,0.9391285233594292,0.9391285233594292
elapsed_clock,B17,lower_bound,1.0,5,True,16.428055555555556,False,0.9391285233594292,0.9391285233594292
elapsed_clock,B17,lower_bound,1.0,10,True,16.428055555555556,False,0.9391285233594292,0.9391285233594292
elapsed_clock,B17,lower_bound,1.0,20,True,16.428055555555556,False,0.9391285233594292,0.9391285233594292
elapsed_clock,B17,point,2.0,5,True,16.428055555555556,False,0.8782570467188583,0.8782570467188583
elapsed_clock,B17,point,2.0,10,True,16.428055555555556,False,0.8782570467188583,0.8782570467188583
elapsed_clock,B17,point,2.0,20,True,16.428055555555556,False,0.8782570467188583,0.8782570467188583
elapsed_clock,B17,lower_bound,2.0,5,True,16.428055555555556,False,0.8782570467188583,0.8782570467188583
elapsed_clock,B17,lower_bound,2.0,10,True,16.428055555555556,False,0.8782570467188583,0.8782570467188583
elapsed_clock,B17,lower_bound,2.0,20,True,16.428055555555556,False,0.8782570467188583,0.8782570467188583
random_forest,B02,point,0.5,5,True,1.1430555555555548,False,0.11448494139755687,0.11448494139755687
random_forest,B02,point,0.5,10,True,1.1430555555555548,False,0.11448494139755687,0.11448494139755687
random_forest,B02,point,0.5,20,True,1.1430555555555548,False,0.11448494139755687,0.11448494139755687
random_forest,B02,lower_bound,0.5,5,True,1.2538888888888886,False,0.1342169032194253,0.1342169032194253
random_forest,B02,lower_bound,0.5,10,True,1.2538888888888886,False,0.1342169032194253,0.1342169032194253
random_forest,B02,lower_bound,0.5,20,True,1.2538888888888886,False,0.1342169032194253,0.1342169032194253
random_forest,B02,point,1.0,5,True,1.1430555555555548,False,0.025468572276346243,0.025468572276346243
random_forest,B02,point,1.0,10,True,1.1430555555555548,False,0.025468572276346243,0.025468572276346243
random_forest,B02,point,1.0,20,True,1.1430555555555548,False,0.025468572276346243,0.025468572276346243
random_forest,B02,lower_bound,1.0,5,True,1.2538888888888886,False,0.04520053409821468,0.04520053409821468
random_forest,B02,lower_bound,1.0,10,True,1.2538888888888886,False,0.04520053409821468,0.04520053409821468
random_forest,B02,lower_bound,1.0,20,True,1.2538888888888886,False,0.04520053409821468,0.04520053409821468
random_forest,B02,point,2.0,5,True,1.243611111111111,True,0.0,5.0
random_forest,B02,point,2.0,10,True,1.243611111111111,True,0.0,10.0
random_forest,B02,point,2.0,20,True,1.243611111111111,True,0.0,20.0
random_forest,B02,lower_bound,2.0,5,True,1.2936111111111108,True,0.0,5.0
random_forest,B02,lower_bound,2.0,10,True,1.2936111111111108,True,0.0,10.0
random_forest,B02,lower_bound,2.0,20,True,1.2936111111111108,True,0.0,20.0
random_forest,B03,point,0.5,5,False,0.0,True,0.0,5.0
random_forest,B03,point,0.5,10,False,0.0,True,0.0,10.0
random_forest,B03,point,0.5,20,False,0.0,True,0.0,20.0
random_forest,B03,lower_bound,0.5,5,True,3.2158333333333333,False,0.8445193055195647,0.8445193055195647
random_forest,B03,lower_bound,0.5,10,True,3.2158333333333333,False,0.8445193055195647,0.8445193055195647
random_forest,B03,lower_bound,0.5,20,True,3.2158333333333333,False,0.8445193055195647,0.8445193055195647
random_forest,B03,point,1.0,5,True,0.1699999999999999,True,0.0,5.0
random_forest,B03,point,1.0,10,True,0.1699999999999999,True,0.0,10.0
random_forest,B03,point,1.0,20,True,0.1699999999999999,True,0.0,20.0
random_forest,B03,lower_bound,1.0,5,True,3.2158333333333333,False,0.6890386110391293,0.6890386110391293
random_forest,B03,lower_bound,1.0,10,True,3.2158333333333333,False,0.6890386110391293,0.6890386110391293
random_forest,B03,lower_bound,1.0,20,True,3.2158333333333333,False,0.6890386110391293,0.6890386110391293
random_forest,B03,point,2.0,5,True,0.2380555555555554,True,0.0,5.0
random_forest,B03,point,2.0,10,True,0.2380555555555554,True,0.0,10.0
random_forest,B03,point,2.0,20,True,0.2380555555555554,True,0.0,20.0
random_forest,B03,lower_bound,2.0,5,True,3.2158333333333333,False,0.3780772220782586,0.3780772220782586
random_forest,B03,lower_bound,2.0,10,True,3.2158333333333333,False,0.3780772220782586,0.3780772220782586
random_forest,B03,lower_bound,2.0,20,True,3.2158333333333333,False,0.3780772220782586,0.3780772220782586
random_forest,B04,point,0.5,5,True,1.0199999999999996,False,0.0912770003413135,0.0912770003413135
random_forest,B04,point,0.5,10,True,1.0199999999999996,False,0.0912770003413135,0.0912770003413135
random_forest,B04,point,0.5,20,True,1.0199999999999996,False,0.0912770003413135,0.0912770003413135
random_forest,B04,lower_bound,0.5,5,True,5.696944444444444,False,0.9122336535179677,0.9122336535179677
random_forest,B04,lower_bound,0.5,10,True,5.696944444444444,False,0.9122336535179677,0.9122336535179677
random_forest,B04,lower_bound,0.5,20,True,5.696944444444444,False,0.9122336535179677,0.9122336535179677
random_forest,B04,point,1.0,5,True,3.1563888888888885,False,0.3785167487444536,0.3785167487444536
random_forest,B04,point,1.0,10,True,3.1563888888888885,False,0.3785167487444536,0.3785167487444536
random_forest,B04,point,1.0,20,True,3.1563888888888885,False,0.3785167487444536,0.3785167487444536
random_forest,B04,lower_bound,1.0,5,True,5.696944444444444,False,0.8244673070359354,0.8244673070359354
random_forest,B04,lower_bound,1.0,10,True,5.696944444444444,False,0.8244673070359354,0.8244673070359354
random_forest,B04,lower_bound,1.0,20,True,5.696944444444444,False,0.8244673070359354,0.8244673070359354
random_forest,B04,point,2.0,5,True,3.2072222222222218,False,0.21190696767272899,0.21190696767272899
random_forest,B04,point,2.0,10,True,3.2072222222222218,False,0.21190696767272899,0.21190696767272899
random_forest,B04,point,2.0,20,True,3.2072222222222218,False,0.21190696767272899,0.21190696767272899
random_forest,B04,lower_bound,2.0,5,True,5.696944444444444,False,0.6489346140718709,0.6489346140718709
random_forest,B04,lower_bound,2.0,10,True,5.696944444444444,False,0.6489346140718709,0.6489346140718709
random_forest,B04,lower_bound,2.0,20,True,5.696944444444444,False,0.6489346140718709,0.6489346140718709
random_forest,B08,point,0.5,5,True,1.1866666666666674,False,0.06463083037021551,0.06463083037021551
random_forest,B08,point,0.5,10,True,1.1866666666666674,False,0.06463083037021551,0.06463083037021551
random_forest,B08,point,0.5,20,True,1.1866666666666674,False,0.06463083037021551,0.06463083037021551
random_forest,B08,lower_bound,0.5,5,True,10.34,False,0.9261660740430873,0.9261660740430873
random_forest,B08,lower_bound,0.5,10,True,10.34,False,0.9261660740430873,0.9261660740430873
random_forest,B08,lower_bound,0.5,20,True,10.34,False,0.9261660740430873,0.9261660740430873
random_forest,B08,point,1.0,5,True,1.5716666666666672,False,0.053806734992679406,0.053806734992679406
random_forest,B08,point,1.0,10,True,1.5716666666666672,False,0.053806734992679406,0.053806734992679406
random_forest,B08,point,1.0,20,True,1.5716666666666672,False,0.053806734992679406,0.053806734992679406
random_forest,B08,lower_bound,1.0,5,True,10.34,False,0.8791047897929304,0.8791047897929304
random_forest,B08,lower_bound,1.0,10,True,10.34,False,0.8791047897929304,0.8791047897929304
random_forest,B08,lower_bound,1.0,20,True,10.34,False,0.8791047897929304,0.8791047897929304
random_forest,B08,point,2.0,5,True,3.29,False,0.12141811336540473,0.12141811336540473
random_forest,B08,point,2.0,10,True,3.29,False,0.12141811336540473,0.12141811336540473
random_forest,B08,point,2.0,20,True,3.29,False,0.12141811336540473,0.12141811336540473
random_forest,B08,lower_bound,2.0,5,True,10.624444444444444,False,0.8117548629993725,0.8117548629993725
random_forest,B08,lower_bound,2.0,10,True,10.624444444444444,False,0.8117548629993725,0.8117548629993725
random_forest,B08,lower_bound,2.0,20,True,10.624444444444444,False,0.8117548629993725,0.8117548629993725
random_forest,B10,point,0.5,5,True,0.0472222222222207,True,0.0,5.0
random_forest,B10,point,0.5,10,True,0.0472222222222207,True,0.0,10.0
random_forest,B10,point,0.5,20,True,0.0472222222222207,True,0.0,20.0
random_forest,B10,lower_bound,0.5,5,True,18.844166666666663,False,0.9656942311910505,0.9656942311910505
random_forest,B10,lower_bound,0.5,10,True,18.844166666666663,False,0.9656942311910505,0.9656942311910505
random_forest,B10,lower_bound,0.5,20,True,18.844166666666663,False,0.9656942311910505,0.9656942311910505
random_forest,B10,point,1.0,5,True,0.9052777777777764,True,0.0,5.0
random_forest,B10,point,1.0,10,True,0.9052777777777764,True,0.0,10.0
random_forest,B10,point,1.0,20,True,0.9052777777777764,True,0.0,20.0
random_forest,B10,lower_bound,1.0,5,True,18.879722222222224,False,0.9412444249469913,0.9412444249469913
random_forest,B10,lower_bound,1.0,10,True,18.879722222222224,False,0.9412444249469913,0.9412444249469913
random_forest,B10,lower_bound,1.0,20,True,18.879722222222224,False,0.9412444249469913,0.9412444249469913
random_forest,B10,point,2.0,5,True,2.048888888888889,False,0.002573663815164149,0.002573663815164149
random_forest,B10,point,2.0,10,True,2.048888888888889,False,0.002573663815164149,0.002573663815164149
random_forest,B10,point,2.0,20,True,2.048888888888889,False,0.002573663815164149,0.002573663815164149
random_forest,B10,lower_bound,2.0,5,True,18.995833333333334,False,0.8947137530160123,0.8947137530160123
random_forest,B10,lower_bound,2.0,10,True,18.995833333333334,False,0.8947137530160123,0.8947137530160123
random_forest,B10,lower_bound,2.0,20,True,18.995833333333334,False,0.8947137530160123,0.8947137530160123
random_forest,B11,point,0.5,5,False,0.0,True,0.0,5.0
random_forest,B11,point,0.5,10,False,0.0,True,0.0,10.0
random_forest,B11,point,0.5,20,False,0.0,True,0.0,20.0
random_forest,B11,lower_bound,0.5,5,True,0.7141666666666655,False,0.024223192685915232,0.024223192685915232
random_forest,B11,lower_bound,0.5,10,True,0.7141666666666655,False,0.024223192685915232,0.024223192685915232
random_forest,B11,lower_bound,0.5,20,True,0.7141666666666655,False,0.024223192685915232,0.024223192685915232
random_forest,B11,point,1.0,5,False,0.0,True,0.0,5.0
random_forest,B11,point,1.0,10,False,0.0,True,0.0,10.0
random_forest,B11,point,1.0,20,False,0.0,True,0.0,20.0
random_forest,B11,lower_bound,1.0,5,True,0.7141666666666655,True,0.0,5.0
random_forest,B11,lower_bound,1.0,10,True,0.7141666666666655,True,0.0,10.0
random_forest,B11,lower_bound,1.0,20,True,0.7141666666666655,True,0.0,20.0
random_forest,B11,point,2.0,5,True,0.5877777777777773,True,0.0,5.0
random_forest,B11,point,2.0,10,True,0.5877777777777773,True,0.0,10.0
random_forest,B11,point,2.0,20,True,0.5877777777777773,True,0.0,20.0
random_forest,B11,lower_bound,2.0,5,True,0.7141666666666655,True,0.0,5.0
random_forest,B11,lower_bound,2.0,10,True,0.7141666666666655,True,0.0,10.0
random_forest,B11,lower_bound,2.0,20,True,0.7141666666666655,True,0.0,20.0
random_forest,B12,point,0.5,5,True,0.3030555555555554,True,0.0,5.0
random_forest,B12,point,0.5,10,True,0.3030555555555554,True,0.0,10.0
random_forest,B12,point,0.5,20,True,0.3030555555555554,True,0.0,20.0
random_forest,B12,lower_bound,0.5,5,True,2.333055555555555,False,0.7188453159041394,0.7188453159041394
random_forest,B12,lower_bound,0.5,10,True,2.333055555555555,False,0.7188453159041394,0.7188453159041394
random_forest,B12,lower_bound,0.5,20,True,2.333055555555555,False,0.7188453159041394,0.7188453159041394
random_forest,B12,point,1.0,5,True,0.6769444444444443,True,0.0,5.0
random_forest,B12,point,1.0,10,True,0.6769444444444443,True,0.0,10.0
random_forest,B12,point,1.0,20,True,0.6769444444444443,True,0.0,20.0
random_forest,B12,lower_bound,1.0,5,True,2.3430555555555554,False,0.5266884531590413,0.5266884531590413
random_forest,B12,lower_bound,1.0,10,True,2.3430555555555554,False,0.5266884531590413,0.5266884531590413
random_forest,B12,lower_bound,1.0,20,True,2.3430555555555554,False,0.5266884531590413,0.5266884531590413
random_forest,B12,point,2.0,5,True,2.076944444444444,False,0.030174291938997663,0.030174291938997663
random_forest,B12,point,2.0,10,True,2.076944444444444,False,0.030174291938997663,0.030174291938997663
random_forest,B12,point,2.0,20,True,2.076944444444444,False,0.030174291938997663,0.030174291938997663
random_forest,B12,lower_bound,2.0,5,True,2.3430555555555554,False,0.13453159041394333,0.13453159041394333
random_forest,B12,lower_bound,2.0,10,True,2.3430555555555554,False,0.13453159041394333,0.13453159041394333
random_forest,B12,lower_bound,2.0,20,True,2.3430555555555554,False,0.13453159041394333,0.13453159041394333
random_forest,B17,point,0.5,5,True,0.6705555555555556,False,0.010381968515919583,0.010381968515919583
random_forest,B17,point,0.5,10,True,0.6705555555555556,False,0.010381968515919583,0.010381968515919583
random_forest,B17,point,0.5,20,True,0.6705555555555556,False,0.010381968515919583,0.010381968515919583
random_forest,B17,lower_bound,0.5,5,True,13.892777777777775,False,0.815238159652356,0.815238159652356
random_forest,B17,lower_bound,0.5,10,True,13.892777777777775,False,0.815238159652356,0.815238159652356
random_forest,B17,lower_bound,0.5,20,True,13.892777777777775,False,0.815238159652356,0.815238159652356
random_forest,B17,point,1.0,5,True,0.6886111111111113,True,0.0,5.0
random_forest,B17,point,1.0,10,True,0.6886111111111113,True,0.0,10.0
random_forest,B17,point,1.0,20,True,0.6886111111111113,True,0.0,20.0
random_forest,B17,lower_bound,1.0,5,True,13.892777777777775,False,0.7848024213320707,0.7848024213320707
random_forest,B17,lower_bound,1.0,10,True,13.892777777777775,False,0.7848024213320707,0.7848024213320707
random_forest,B17,lower_bound,1.0,20,True,13.892777777777775,False,0.7848024213320707,0.7848024213320707
random_forest,B17,point,2.0,5,True,3.2713888888888896,False,0.07739131905108135,0.07739131905108135
random_forest,B17,point,2.0,10,True,3.2713888888888896,False,0.07739131905108135,0.07739131905108135
random_forest,B17,point,2.0,20,True,3.2713888888888896,False,0.07739131905108135,0.07739131905108135
random_forest,B17,lower_bound,2.0,5,True,16.428055555555556,False,0.8782570467188583,0.8782570467188583
random_forest,B17,lower_bound,2.0,10,True,16.428055555555556,False,0.8782570467188583,0.8782570467188583
random_forest,B17,lower_bound,2.0,20,True,16.428055555555556,False,0.8782570467188583,0.8782570467188583
representation,B02,point,0.5,5,True,0.8072222222222223,False,0.05469561347114388,0.05469561347114388
representation,B02,point,0.5,10,True,0.8072222222222223,False,0.05469561347114388,0.05469561347114388
representation,B02,point,0.5,20,True,0.8072222222222223,False,0.05469561347114388,0.05469561347114388
representation,B02,lower_bound,0.5,5,True,1.3502777777777777,False,0.15137728104445872,0.15137728104445872
representation,B02,lower_bound,0.5,10,True,1.3502777777777777,False,0.15137728104445872,0.15137728104445872
representation,B02,lower_bound,0.5,20,True,1.3502777777777777,False,0.15137728104445872,0.15137728104445872
representation,B02,point,1.0,5,True,1.2344444444444438,False,0.04173878641016753,0.04173878641016753
representation,B02,point,1.0,10,True,1.2344444444444438,False,0.04173878641016753,0.04173878641016753
representation,B02,point,1.0,20,True,1.2344444444444438,False,0.04173878641016753,0.04173878641016753
representation,B02,lower_bound,1.0,5,True,1.3555555555555552,False,0.06330052915286083,0.06330052915286083
representation,B02,lower_bound,1.0,10,True,1.3555555555555552,False,0.06330052915286083,0.06330052915286083
representation,B02,lower_bound,1.0,20,True,1.3555555555555552,False,0.06330052915286083,0.06330052915286083
representation,B02,point,2.0,5,True,1.3097222222222218,True,0.0,5.0
representation,B02,point,2.0,10,True,1.3097222222222218,True,0.0,10.0
representation,B02,point,2.0,20,True,1.3097222222222218,True,0.0,20.0
representation,B02,lower_bound,2.0,5,True,3.1811111111111106,False,0.21027644527965966,0.21027644527965966
representation,B02,lower_bound,2.0,10,True,3.1811111111111106,False,0.21027644527965966,0.21027644527965966
representation,B02,lower_bound,2.0,20,True,3.1811111111111106,False,0.21027644527965966,0.21027644527965966
representation,B03,point,0.5,5,True,0.2811111111111111,True,0.0,5.0
representation,B03,point,0.5,10,True,0.2811111111111111,True,0.0,10.0
representation,B03,point,0.5,20,True,0.2811111111111111,True,0.0,20.0
representation,B03,lower_bound,0.5,5,True,3.2158333333333333,False,0.8445193055195647,0.8445193055195647
representation,B03,lower_bound,0.5,10,True,3.2158333333333333,False,0.8445193055195647,0.8445193055195647
representation,B03,lower_bound,0.5,20,True,3.2158333333333333,False,0.8445193055195647,0.8445193055195647
representation,B03,point,1.0,5,True,0.3136111111111113,True,0.0,5.0
representation,B03,point,1.0,10,True,0.3136111111111113,True,0.0,10.0
representation,B03,point,1.0,20,True,0.3136111111111113,True,0.0,20.0
representation,B03,lower_bound,1.0,5,True,3.2158333333333333,False,0.6890386110391293,0.6890386110391293
representation,B03,lower_bound,1.0,10,True,3.2158333333333333,False,0.6890386110391293,0.6890386110391293
representation,B03,lower_bound,1.0,20,True,3.2158333333333333,False,0.6890386110391293,0.6890386110391293
representation,B03,point,2.0,5,True,0.9905555555555554,True,0.0,5.0
representation,B03,point,2.0,10,True,0.9905555555555554,True,0.0,10.0
representation,B03,point,2.0,20,True,0.9905555555555554,True,0.0,20.0
representation,B03,lower_bound,2.0,5,True,3.2158333333333333,False,0.3780772220782586,0.3780772220782586
representation,B03,lower_bound,2.0,10,True,3.2158333333333333,False,0.3780772220782586,0.3780772220782586
representation,B03,lower_bound,2.0,20,True,3.2158333333333333,False,0.3780772220782586,0.3780772220782586
representation,B04,point,0.5,5,True,1.483888888888888,False,0.1727046662440878,0.1727046662440878
representation,B04,point,0.5,10,True,1.483888888888888,False,0.1727046662440878,0.1727046662440878
representation,B04,point,0.5,20,True,1.483888888888888,False,0.1727046662440878,0.1727046662440878
representation,B04,lower_bound,0.5,5,True,5.696944444444444,False,0.9122336535179677,0.9122336535179677
representation,B04,lower_bound,0.5,10,True,5.696944444444444,False,0.9122336535179677,0.9122336535179677
representation,B04,lower_bound,0.5,20,True,5.696944444444444,False,0.9122336535179677,0.9122336535179677
representation,B04,point,1.0,5,True,1.7730555555555552,False,0.1356965234774976,0.1356965234774976
representation,B04,point,1.0,10,True,1.7730555555555552,False,0.1356965234774976,0.1356965234774976
representation,B04,point,1.0,20,True,1.7730555555555552,False,0.1356965234774976,0.1356965234774976
representation,B04,lower_bound,1.0,5,True,5.696944444444444,False,0.8244673070359354,0.8244673070359354
representation,B04,lower_bound,1.0,10,True,5.696944444444444,False,0.8244673070359354,0.8244673070359354
representation,B04,lower_bound,1.0,20,True,5.696944444444444,False,0.8244673070359354,0.8244673070359354
representation,B04,point,2.0,5,True,5.696944444444444,False,0.6489346140718709,0.6489346140718709
representation,B04,point,2.0,10,True,5.696944444444444,False,0.6489346140718709,0.6489346140718709
representation,B04,point,2.0,20,True,5.696944444444444,False,0.6489346140718709,0.6489346140718709
representation,B04,lower_bound,2.0,5,True,5.696944444444444,False,0.6489346140718709,0.6489346140718709
representation,B04,lower_bound,2.0,10,True,5.696944444444444,False,0.6489346140718709,0.6489346140718709
representation,B04,lower_bound,2.0,20,True,5.696944444444444,False,0.6489346140718709,0.6489346140718709
representation,B08,point,0.5,5,True,1.3550000000000004,False,0.08047479606776829,0.08047479606776829
representation,B08,point,0.5,10,True,1.3550000000000004,False,0.08047479606776829,0.08047479606776829
representation,B08,point,0.5,20,True,1.3550000000000004,False,0.08047479606776829,0.08047479606776829
representation,B08,lower_bound,0.5,5,True,10.624444444444444,False,0.9529387157498431,0.9529387157498431
representation,B08,lower_bound,0.5,10,True,10.624444444444444,False,0.9529387157498431,0.9529387157498431
representation,B08,lower_bound,0.5,20,True,10.624444444444444,False,0.9529387157498431,0.9529387157498431
representation,B08,point,1.0,5,True,3.398333333333333,False,0.2257372934532524,0.2257372934532524
representation,B08,point,1.0,10,True,3.398333333333333,False,0.2257372934532524,0.2257372934532524
representation,B08,point,1.0,20,True,3.398333333333333,False,0.2257372934532524,0.2257372934532524
representation,B08,lower_bound,1.0,5,True,10.624444444444444,False,0.9058774314996862,0.9058774314996862
representation,B08,lower_bound,1.0,10,True,10.624444444444444,False,0.9058774314996862,0.9058774314996862
representation,B08,lower_bound,1.0,20,True,10.624444444444444,False,0.9058774314996862,0.9058774314996862
representation,B08,point,2.0,5,True,7.549722222222222,False,0.5223541100188245,0.5223541100188245
representation,B08,point,2.0,10,True,7.549722222222222,False,0.5223541100188245,0.5223541100188245
representation,B08,point,2.0,20,True,7.549722222222222,False,0.5223541100188245,0.5223541100188245
representation,B08,lower_bound,2.0,5,True,10.624444444444444,False,0.8117548629993725,0.8117548629993725
representation,B08,lower_bound,2.0,10,True,10.624444444444444,False,0.8117548629993725,0.8117548629993725
representation,B08,lower_bound,2.0,20,True,10.624444444444444,False,0.8117548629993725,0.8117548629993725
representation,B10,point,0.5,5,True,1.486666666666668,False,0.05194121517876734,0.05194121517876734
representation,B10,point,0.5,10,True,1.486666666666668,False,0.05194121517876734,0.05194121517876734
representation,B10,point,0.5,20,True,1.486666666666668,False,0.05194121517876734,0.05194121517876734
representation,B10,lower_bound,0.5,5,True,3.715,False,0.16924764202676024,0.16924764202676024
representation,B10,lower_bound,0.5,10,True,3.715,False,0.16924764202676024,0.16924764202676024
representation,B10,lower_bound,0.5,20,True,3.715,False,0.16924764202676024,0.16924764202676024
representation,B10,point,1.0,5,True,3.1016666666666666,False,0.11063829787234042,0.11063829787234042
representation,B10,point,1.0,10,True,3.1016666666666666,False,0.11063829787234042,0.11063829787234042
representation,B10,point,1.0,20,True,3.1016666666666666,False,0.11063829787234042,0.11063829787234042
representation,B10,lower_bound,1.0,5,True,8.605,False,0.4003509541566133,0.4003509541566133
representation,B10,lower_bound,1.0,10,True,8.605,False,0.4003509541566133,0.4003509541566133
representation,B10,lower_bound,1.0,20,True,8.605,False,0.4003509541566133,0.4003509541566133
representation,B10,point,2.0,5,True,3.142222222222223,False,0.060130145499744145,0.060130145499744145
representation,B10,point,2.0,10,True,3.142222222222223,False,0.060130145499744145,0.060130145499744145
representation,B10,point,2.0,20,True,3.142222222222223,False,0.060130145499744145,0.060130145499744145
representation,B10,lower_bound,2.0,5,True,18.12638888888889,False,0.8489434817576954,0.8489434817576954
representation,B10,lower_bound,2.0,10,True,18.12638888888889,False,0.8489434817576954,0.8489434817576954
representation,B10,lower_bound,2.0,20,True,18.12638888888889,False,0.8489434817576954,0.8489434817576954
representation,B11,point,0.5,5,True,0.2041666666666657,True,0.0,5.0
representation,B11,point,0.5,10,True,0.2041666666666657,True,0.0,10.0
representation,B11,point,0.5,20,True,0.2041666666666657,True,0.0,20.0
representation,B11,lower_bound,0.5,5,True,8.8225,False,0.9413113827013102,0.9413113827013102
representation,B11,lower_bound,0.5,10,True,8.8225,False,0.9413113827013102,0.9413113827013102
representation,B11,lower_bound,0.5,20,True,8.8225,False,0.9413113827013102,0.9413113827013102
representation,B11,point,1.0,5,True,0.5786111111111101,True,0.0,5.0
representation,B11,point,1.0,10,True,0.5786111111111101,True,0.0,10.0
representation,B11,point,1.0,20,True,0.5786111111111101,True,0.0,20.0
representation,B11,lower_bound,1.0,5,True,8.8225,False,0.8847591818781615,0.8847591818781615
representation,B11,lower_bound,1.0,10,True,8.8225,False,0.8847591818781615,0.8847591818781615
representation,B11,lower_bound,1.0,20,True,8.8225,False,0.8847591818781615,0.8847591818781615
representation,B11,point,2.0,5,True,1.4597222222222213,True,0.0,5.0
representation,B11,point,2.0,10,True,1.4597222222222213,True,0.0,10.0
representation,B11,point,2.0,20,True,1.4597222222222213,True,0.0,20.0
representation,B11,lower_bound,2.0,5,True,8.841388888888888,False,0.7737911967074051,0.7737911967074051
representation,B11,lower_bound,2.0,10,True,8.841388888888888,False,0.7737911967074051,0.7737911967074051
representation,B11,lower_bound,2.0,20,True,8.841388888888888,False,0.7737911967074051,0.7737911967074051
representation,B12,point,0.5,5,True,0.7102777777777776,False,0.08246187363834415,0.08246187363834415
representation,B12,point,0.5,10,True,0.7102777777777776,False,0.08246187363834415,0.08246187363834415
representation,B12,point,0.5,20,True,0.7102777777777776,False,0.08246187363834415,0.08246187363834415
representation,B12,lower_bound,0.5,5,True,2.313055555555555,False,0.7110021786492374,0.7110021786492374
representation,B12,lower_bound,0.5,10,True,2.313055555555555,False,0.7110021786492374,0.7110021786492374
representation,B12,lower_bound,0.5,20,True,2.313055555555555,False,0.7110021786492374,0.7110021786492374
representation,B12,point,1.0,5,True,0.9830555555555552,True,0.0,5.0
representation,B12,point,1.0,10,True,0.9830555555555552,True,0.0,10.0
representation,B12,point,1.0,20,True,0.9830555555555552,True,0.0,20.0
representation,B12,lower_bound,1.0,5,True,2.326388888888889,False,0.5201525054466231,0.5201525054466231
representation,B12,lower_bound,1.0,10,True,2.326388888888889,False,0.5201525054466231,0.5201525054466231
representation,B12,lower_bound,1.0,20,True,2.326388888888889,False,0.5201525054466231,0.5201525054466231
representation,B12,point,2.0,5,True,2.093611111111111,False,0.036710239651416114,0.036710239651416114
representation,B12,point,2.0,10,True,2.093611111111111,False,0.036710239651416114,0.036710239651416114
representation,B12,point,2.0,20,True,2.093611111111111,False,0.036710239651416114,0.036710239651416114
representation,B12,lower_bound,2.0,5,True,2.349722222222222,False,0.13714596949891053,0.13714596949891053
representation,B12,lower_bound,2.0,10,True,2.349722222222222,False,0.13714596949891053,0.13714596949891053
representation,B12,lower_bound,2.0,20,True,2.349722222222222,False,0.13714596949891053,0.13714596949891053
representation,B17,point,0.5,5,True,0.0058333333333351,True,0.0,5.0
representation,B17,point,0.5,10,True,0.0058333333333351,True,0.0,10.0
representation,B17,point,0.5,20,True,0.0058333333333351,True,0.0,20.0
representation,B17,lower_bound,0.5,5,True,16.41611111111111,False,0.9688371857087299,0.9688371857087299
representation,B17,lower_bound,0.5,10,True,16.41611111111111,False,0.9688371857087299,0.9688371857087299
representation,B17,lower_bound,0.5,20,True,16.41611111111111,False,0.9688371857087299,0.9688371857087299
representation,B17,point,1.0,5,True,0.9844444444444456,True,0.0,5.0
representation,B17,point,1.0,10,True,0.9844444444444456,True,0.0,10.0
representation,B17,point,1.0,20,True,0.9844444444444456,True,0.0,20.0
representation,B17,lower_bound,1.0,5,True,16.428055555555556,False,0.9391285233594292,0.9391285233594292
representation,B17,lower_bound,1.0,10,True,16.428055555555556,False,0.9391285233594292,0.9391285233594292
representation,B17,lower_bound,1.0,20,True,16.428055555555556,False,0.9391285233594292,0.9391285233594292
representation,B17,point,2.0,5,True,3.586111111111112,False,0.09654892544934993,0.09654892544934993
representation,B17,point,2.0,10,True,3.586111111111112,False,0.09654892544934993,0.09654892544934993
representation,B17,point,2.0,20,True,3.586111111111112,False,0.09654892544934993,0.09654892544934993
representation,B17,lower_bound,2.0,5,True,16.428055555555556,False,0.8782570467188583,0.8782570467188583
representation,B17,lower_bound,2.0,10,True,16.428055555555556,False,0.8782570467188583,0.8782570467188583
representation,B17,lower_bound,2.0,20,True,16.428055555555556,False,0.8782570467188583,0.8782570467188583
standard_boosting,B02,point,0.5,5,False,0.0,True,0.0,5.0
standard_boosting,B02,point,0.5,10,False,0.0,True,0.0,10.0
standard_boosting,B02,point,0.5,20,False,0.0,True,0.0,20.0
standard_boosting,B02,lower_bound,0.5,5,True,1.2494444444444444,False,0.13342564660501458,0.13342564660501458
standard_boosting,B02,lower_bound,0.5,10,True,1.2494444444444444,False,0.13342564660501458,0.13342564660501458
standard_boosting,B02,lower_bound,0.5,20,True,1.2494444444444444,False,0.13342564660501458,0.13342564660501458
standard_boosting,B02,point,1.0,5,False,0.0,True,0.0,5.0
standard_boosting,B02,point,1.0,10,False,0.0,True,0.0,10.0
standard_boosting,B02,point,1.0,20,False,0.0,True,0.0,20.0
standard_boosting,B02,lower_bound,1.0,5,True,1.2494444444444444,False,0.04440927748380395,0.04440927748380395
standard_boosting,B02,lower_bound,1.0,10,True,1.2494444444444444,False,0.04440927748380395,0.04440927748380395
standard_boosting,B02,lower_bound,1.0,20,True,1.2494444444444444,False,0.04440927748380395,0.04440927748380395
standard_boosting,B02,point,2.0,5,False,0.0,True,0.0,5.0
standard_boosting,B02,point,2.0,10,False,0.0,True,0.0,10.0
standard_boosting,B02,point,2.0,20,False,0.0,True,0.0,20.0
standard_boosting,B02,lower_bound,2.0,5,True,1.2494444444444444,True,0.0,5.0
standard_boosting,B02,lower_bound,2.0,10,True,1.2494444444444444,True,0.0,10.0
standard_boosting,B02,lower_bound,2.0,20,True,1.2494444444444444,True,0.0,20.0
standard_boosting,B03,point,0.5,5,True,0.1813888888888888,True,0.0,5.0
standard_boosting,B03,point,0.5,10,True,0.1813888888888888,True,0.0,10.0
standard_boosting,B03,point,0.5,20,True,0.1813888888888888,True,0.0,20.0
standard_boosting,B03,lower_bound,0.5,5,True,3.0258333333333334,False,0.7854366416169992,0.7854366416169992
standard_boosting,B03,lower_bound,0.5,10,True,3.0258333333333334,False,0.7854366416169992,0.7854366416169992
standard_boosting,B03,lower_bound,0.5,20,True,3.0258333333333334,False,0.7854366416169992,0.7854366416169992
standard_boosting,B03,point,1.0,5,True,0.2380555555555554,True,0.0,5.0
standard_boosting,B03,point,1.0,10,True,0.2380555555555554,True,0.0,10.0
standard_boosting,B03,point,1.0,20,True,0.2380555555555554,True,0.0,20.0
standard_boosting,B03,lower_bound,1.0,5,True,3.2158333333333333,False,0.6890386110391293,0.6890386110391293
standard_boosting,B03,lower_bound,1.0,10,True,3.2158333333333333,False,0.6890386110391293,0.6890386110391293
standard_boosting,B03,lower_bound,1.0,20,True,3.2158333333333333,False,0.6890386110391293,0.6890386110391293
standard_boosting,B03,point,2.0,5,True,0.5155555555555553,True,0.0,5.0
standard_boosting,B03,point,2.0,10,True,0.5155555555555553,True,0.0,10.0
standard_boosting,B03,point,2.0,20,True,0.5155555555555553,True,0.0,20.0
standard_boosting,B03,lower_bound,2.0,5,True,3.2158333333333333,False,0.3780772220782586,0.3780772220782586
standard_boosting,B03,lower_bound,2.0,10,True,3.2158333333333333,False,0.3780772220782586,0.3780772220782586
standard_boosting,B03,lower_bound,2.0,20,True,3.2158333333333333,False,0.3780772220782586,0.3780772220782586
standard_boosting,B04,point,0.5,5,True,0.0366666666666661,True,0.0,5.0
standard_boosting,B04,point,0.5,10,True,0.0366666666666661,True,0.0,10.0
standard_boosting,B04,point,0.5,20,True,0.0366666666666661,True,0.0,20.0
standard_boosting,B04,lower_bound,0.5,5,True,5.696944444444444,False,0.9122336535179677,0.9122336535179677
standard_boosting,B04,lower_bound,0.5,10,True,5.696944444444444,False,0.9122336535179677,0.9122336535179677
standard_boosting,B04,lower_bound,0.5,20,True,5.696944444444444,False,0.9122336535179677,0.9122336535179677
standard_boosting,B04,point,1.0,5,True,1.990555555555556,False,0.17387488419718183,0.17387488419718183
standard_boosting,B04,point,1.0,10,True,1.990555555555556,False,0.17387488419718183,0.17387488419718183
standard_boosting,B04,point,1.0,20,True,1.990555555555556,False,0.17387488419718183,0.17387488419718183
standard_boosting,B04,lower_bound,1.0,5,True,5.696944444444444,False,0.8244673070359354,0.8244673070359354
standard_boosting,B04,lower_bound,1.0,10,True,5.696944444444444,False,0.8244673070359354,0.8244673070359354
standard_boosting,B04,lower_bound,1.0,20,True,5.696944444444444,False,0.8244673070359354,0.8244673070359354
standard_boosting,B04,point,2.0,5,True,2.829722222222222,False,0.1456433760787946,0.1456433760787946
standard_boosting,B04,point,2.0,10,True,2.829722222222222,False,0.1456433760787946,0.1456433760787946
standard_boosting,B04,point,2.0,20,True,2.829722222222222,False,0.1456433760787946,0.1456433760787946
standard_boosting,B04,lower_bound,2.0,5,True,5.696944444444444,False,0.6489346140718709,0.6489346140718709
standard_boosting,B04,lower_bound,2.0,10,True,5.696944444444444,False,0.6489346140718709,0.6489346140718709
standard_boosting,B04,lower_bound,2.0,20,True,5.696944444444444,False,0.6489346140718709,0.6489346140718709
standard_boosting,B08,point,0.5,5,True,1.1222222222222218,False,0.05856515373352851,0.05856515373352851
standard_boosting,B08,point,0.5,10,True,1.1222222222222218,False,0.05856515373352851,0.05856515373352851
standard_boosting,B08,point,0.5,20,True,1.1222222222222218,False,0.05856515373352851,0.05856515373352851
standard_boosting,B08,lower_bound,0.5,5,True,10.624444444444444,False,0.9529387157498431,0.9529387157498431
standard_boosting,B08,lower_bound,0.5,10,True,10.624444444444444,False,0.9529387157498431,0.9529387157498431
standard_boosting,B08,lower_bound,0.5,20,True,10.624444444444444,False,0.9529387157498431,0.9529387157498431
standard_boosting,B08,point,1.0,5,True,1.5166666666666655,False,0.04862999372516199,0.04862999372516199
standard_boosting,B08,point,1.0,10,True,1.5166666666666655,False,0.04862999372516199,0.04862999372516199
standard_boosting,B08,point,1.0,20,True,1.5166666666666655,False,0.04862999372516199,0.04862999372516199
standard_boosting,B08,lower_bound,1.0,5,True,10.624444444444444,False,0.9058774314996862,0.9058774314996862
standard_boosting,B08,lower_bound,1.0,10,True,10.624444444444444,False,0.9058774314996862,0.9058774314996862
standard_boosting,B08,lower_bound,1.0,20,True,10.624444444444444,False,0.9058774314996862,0.9058774314996862
standard_boosting,B08,point,2.0,5,True,8.718333333333334,False,0.6323467893746079,0.6323467893746079
standard_boosting,B08,point,2.0,10,True,8.718333333333334,False,0.6323467893746079,0.6323467893746079
standard_boosting,B08,point,2.0,20,True,8.718333333333334,False,0.6323467893746079,0.6323467893746079
standard_boosting,B08,lower_bound,2.0,5,True,10.624444444444444,False,0.8117548629993725,0.8117548629993725
standard_boosting,B08,lower_bound,2.0,10,True,10.624444444444444,False,0.8117548629993725,0.8117548629993725
standard_boosting,B08,lower_bound,2.0,20,True,10.624444444444444,False,0.8117548629993725,0.8117548629993725
standard_boosting,B10,point,0.5,5,True,0.4494444444444454,True,0.0,5.0
standard_boosting,B10,point,0.5,10,True,0.4494444444444454,True,0.0,10.0
standard_boosting,B10,point,0.5,20,True,0.4494444444444454,True,0.0,20.0
standard_boosting,B10,lower_bound,0.5,5,True,16.879166666666666,False,0.8622504935292827,0.8622504935292827
standard_boosting,B10,lower_bound,0.5,10,True,16.879166666666666,False,0.8622504935292827,0.8622504935292827
standard_boosting,B10,lower_bound,0.5,20,True,16.879166666666666,False,0.8622504935292827,0.8622504935292827
standard_boosting,B10,point,1.0,5,True,1.634444444444444,False,0.0333991372376983,0.0333991372376983
standard_boosting,B10,point,1.0,10,True,1.634444444444444,False,0.0333991372376983,0.0333991372376983
standard_boosting,B10,point,1.0,20,True,1.634444444444444,False,0.0333991372376983,0.0333991372376983
standard_boosting,B10,lower_bound,1.0,5,True,17.316388888888888,False,0.8589456752211742,0.8589456752211742
standard_boosting,B10,lower_bound,1.0,10,True,17.316388888888888,False,0.8589456752211742,0.8589456752211742
standard_boosting,B10,lower_bound,1.0,20,True,17.316388888888888,False,0.8589456752211742,0.8589456752211742
standard_boosting,B10,point,2.0,5,True,2.82777777777778,False,0.04357680777948393,0.04357680777948393
standard_boosting,B10,point,2.0,10,True,2.82777777777778,False,0.04357680777948393,0.04357680777948393
standard_boosting,B10,point,2.0,20,True,2.82777777777778,False,0.04357680777948393,0.04357680777948393
standard_boosting,B10,lower_bound,2.0,5,True,18.17805555555556,False,0.8516633764714486,0.8516633764714486
standard_boosting,B10,lower_bound,2.0,10,True,18.17805555555556,False,0.8516633764714486,0.8516633764714486
standard_boosting,B10,lower_bound,2.0,20,True,18.17805555555556,False,0.8516633764714486,0.8516633764714486
standard_boosting,B11,point,0.5,5,False,0.0,True,0.0,5.0
standard_boosting,B11,point,0.5,10,False,0.0,True,0.0,10.0
standard_boosting,B11,point,0.5,20,False,0.0,True,0.0,20.0
standard_boosting,B11,lower_bound,0.5,5,True,0.7141666666666655,False,0.024223192685915232,0.024223192685915232
standard_boosting,B11,lower_bound,0.5,10,True,0.7141666666666655,False,0.024223192685915232,0.024223192685915232
standard_boosting,B11,lower_bound,0.5,20,True,0.7141666666666655,False,0.024223192685915232,0.024223192685915232
standard_boosting,B11,point,1.0,5,False,0.0,True,0.0,5.0
standard_boosting,B11,point,1.0,10,False,0.0,True,0.0,10.0
standard_boosting,B11,point,1.0,20,False,0.0,True,0.0,20.0
standard_boosting,B11,lower_bound,1.0,5,True,0.7141666666666655,True,0.0,5.0
standard_boosting,B11,lower_bound,1.0,10,True,0.7141666666666655,True,0.0,10.0
standard_boosting,B11,lower_bound,1.0,20,True,0.7141666666666655,True,0.0,20.0
standard_boosting,B11,point,2.0,5,True,0.4072222222222219,True,0.0,5.0
standard_boosting,B11,point,2.0,10,True,0.4072222222222219,True,0.0,10.0
standard_boosting,B11,point,2.0,20,True,0.4072222222222219,True,0.0,20.0
standard_boosting,B11,lower_bound,2.0,5,True,0.7141666666666655,True,0.0,5.0
standard_boosting,B11,lower_bound,2.0,10,True,0.7141666666666655,True,0.0,10.0
standard_boosting,B11,lower_bound,2.0,20,True,0.7141666666666655,True,0.0,20.0
standard_boosting,B12,point,0.5,5,False,0.0,True,0.0,5.0
standard_boosting,B12,point,0.5,10,False,0.0,True,0.0,10.0
standard_boosting,B12,point,0.5,20,False,0.0,True,0.0,20.0
standard_boosting,B12,lower_bound,0.5,5,True,1.505,False,0.3941176470588235,0.3941176470588235
standard_boosting,B12,lower_bound,0.5,10,True,1.505,False,0.3941176470588235,0.3941176470588235
standard_boosting,B12,lower_bound,0.5,20,True,1.505,False,0.3941176470588235,0.3941176470588235
standard_boosting,B12,point,1.0,5,False,0.0,True,0.0,5.0
standard_boosting,B12,point,1.0,10,False,0.0,True,0.0,10.0
standard_boosting,B12,point,1.0,20,False,0.0,True,0.0,20.0
standard_boosting,B12,lower_bound,1.0,5,True,1.6249999999999998,False,0.2450980392156862,0.2450980392156862
standard_boosting,B12,lower_bound,1.0,10,True,1.6249999999999998,False,0.2450980392156862,0.2450980392156862
standard_boosting,B12,lower_bound,1.0,20,True,1.6249999999999998,False,0.2450980392156862,0.2450980392156862
standard_boosting,B12,point,2.0,5,True,1.009722222222222,True,0.0,5.0
standard_boosting,B12,point,2.0,10,True,1.009722222222222,True,0.0,10.0
standard_boosting,B12,point,2.0,20,True,1.009722222222222,True,0.0,20.0
standard_boosting,B12,lower_bound,2.0,5,True,2.313055555555555,False,0.12276688453159028,0.12276688453159028
standard_boosting,B12,lower_bound,2.0,10,True,2.313055555555555,False,0.12276688453159028,0.12276688453159028
standard_boosting,B12,lower_bound,2.0,20,True,2.313055555555555,False,0.12276688453159028,0.12276688453159028
standard_boosting,B17,point,0.5,5,False,0.0,True,0.0,5.0
standard_boosting,B17,point,0.5,10,False,0.0,True,0.0,10.0
standard_boosting,B17,point,0.5,20,False,0.0,True,0.0,20.0
standard_boosting,B17,lower_bound,0.5,5,True,3.2713888888888896,False,0.1686985340119376,0.1686985340119376
standard_boosting,B17,lower_bound,0.5,10,True,3.2713888888888896,False,0.1686985340119376,0.1686985340119376
standard_boosting,B17,lower_bound,0.5,20,True,3.2713888888888896,False,0.1686985340119376,0.1686985340119376
standard_boosting,B17,point,1.0,5,True,1.0808333333333344,False,0.0049204443617795425,0.0049204443617795425
standard_boosting,B17,point,1.0,10,True,1.0808333333333344,False,0.0049204443617795425,0.0049204443617795425
standard_boosting,B17,point,1.0,20,True,1.0808333333333344,False,0.0049204443617795425,0.0049204443617795425
standard_boosting,B17,lower_bound,1.0,5,True,3.2713888888888896,False,0.1382627956916522,0.1382627956916522
standard_boosting,B17,lower_bound,1.0,10,True,3.2713888888888896,False,0.1382627956916522,0.1382627956916522
standard_boosting,B17,lower_bound,1.0,20,True,3.2713888888888896,False,0.1382627956916522,0.1382627956916522
standard_boosting,B17,point,2.0,5,True,3.259444444444444,False,0.0766642430800967,0.0766642430800967
standard_boosting,B17,point,2.0,10,True,3.259444444444444,False,0.0766642430800967,0.0766642430800967
standard_boosting,B17,point,2.0,20,True,3.259444444444444,False,0.0766642430800967,0.0766642430800967
standard_boosting,B17,lower_bound,2.0,5,True,13.849444444444444,False,0.7212931807037418,0.7212931807037418
standard_boosting,B17,lower_bound,2.0,10,True,13.849444444444444,False,0.7212931807037418,0.7212931807037418
standard_boosting,B17,lower_bound,2.0,20,True,13.849444444444444,False,0.7212931807037418,0.7212931807037418
subspace_ridge,B02,point,0.5,5,False,0.0,True,0.0,5.0
subspace_ridge,B02,point,0.5,10,False,0.0,True,0.0,10.0
subspace_ridge,B02,point,0.5,20,False,0.0,True,0.0,20.0
subspace_ridge,B02,lower_bound,0.5,5,True,1.2877777777777777,False,0.1402502349043074,0.1402502349043074
subspace_ridge,B02,lower_bound,0.5,10,True,1.2877777777777777,False,0.1402502349043074,0.1402502349043074
subspace_ridge,B02,lower_bound,0.5,20,True,1.2877777777777777,False,0.1402502349043074,0.1402502349043074
subspace_ridge,B02,point,1.0,5,False,0.0,True,0.0,5.0
subspace_ridge,B02,point,1.0,10,False,0.0,True,0.0,10.0
subspace_ridge,B02,point,1.0,20,False,0.0,True,0.0,20.0
subspace_ridge,B02,lower_bound,1.0,5,True,5.201666666666666,False,0.7480342218485733,0.7480342218485733
subspace_ridge,B02,lower_bound,1.0,10,True,5.201666666666666,False,0.7480342218485733,0.7480342218485733
subspace_ridge,B02,lower_bound,1.0,20,True,5.201666666666666,False,0.7480342218485733,0.7480342218485733
subspace_ridge,B02,point,2.0,5,False,0.0,True,0.0,5.0
subspace_ridge,B02,point,2.0,10,False,0.0,True,0.0,10.0
subspace_ridge,B02,point,2.0,20,False,0.0,True,0.0,20.0
subspace_ridge,B02,lower_bound,2.0,5,True,5.296388888888888,False,0.5868651402007813,0.5868651402007813
subspace_ridge,B02,lower_bound,2.0,10,True,5.296388888888888,False,0.5868651402007813,0.5868651402007813
subspace_ridge,B02,lower_bound,2.0,20,True,5.296388888888888,False,0.5868651402007813,0.5868651402007813
subspace_ridge,B03,point,0.5,5,False,0.0,True,0.0,5.0
subspace_ridge,B03,point,0.5,10,False,0.0,True,0.0,10.0
subspace_ridge,B03,point,0.5,20,False,0.0,True,0.0,20.0
subspace_ridge,B03,lower_bound,0.5,5,True,3.2158333333333333,False,0.8445193055195647,0.8445193055195647
subspace_ridge,B03,lower_bound,0.5,10,True,3.2158333333333333,False,0.8445193055195647,0.8445193055195647
subspace_ridge,B03,lower_bound,0.5,20,True,3.2158333333333333,False,0.8445193055195647,0.8445193055195647
subspace_ridge,B03,point,1.0,5,False,0.0,True,0.0,5.0
subspace_ridge,B03,point,1.0,10,False,0.0,True,0.0,10.0
subspace_ridge,B03,point,1.0,20,False,0.0,True,0.0,20.0
subspace_ridge,B03,lower_bound,1.0,5,True,3.2158333333333333,False,0.6890386110391293,0.6890386110391293
subspace_ridge,B03,lower_bound,1.0,10,True,3.2158333333333333,False,0.6890386110391293,0.6890386110391293
subspace_ridge,B03,lower_bound,1.0,20,True,3.2158333333333333,False,0.6890386110391293,0.6890386110391293
subspace_ridge,B03,point,2.0,5,True,3.2158333333333333,False,0.3780772220782586,0.3780772220782586
subspace_ridge,B03,point,2.0,10,True,3.2158333333333333,False,0.3780772220782586,0.3780772220782586
subspace_ridge,B03,point,2.0,20,True,3.2158333333333333,False,0.3780772220782586,0.3780772220782586
subspace_ridge,B03,lower_bound,2.0,5,True,3.2158333333333333,False,0.3780772220782586,0.3780772220782586
subspace_ridge,B03,lower_bound,2.0,10,True,3.2158333333333333,False,0.3780772220782586,0.3780772220782586
subspace_ridge,B03,lower_bound,2.0,20,True,3.2158333333333333,False,0.3780772220782586,0.3780772220782586
subspace_ridge,B04,point,0.5,5,True,5.696944444444444,False,0.9122336535179677,0.9122336535179677
subspace_ridge,B04,point,0.5,10,True,5.696944444444444,False,0.9122336535179677,0.9122336535179677
subspace_ridge,B04,point,0.5,20,True,5.696944444444444,False,0.9122336535179677,0.9122336535179677
subspace_ridge,B04,lower_bound,0.5,5,True,5.696944444444444,False,0.9122336535179677,0.9122336535179677
subspace_ridge,B04,lower_bound,0.5,10,True,5.696944444444444,False,0.9122336535179677,0.9122336535179677
subspace_ridge,B04,lower_bound,0.5,20,True,5.696944444444444,False,0.9122336535179677,0.9122336535179677
subspace_ridge,B04,point,1.0,5,True,5.696944444444444,False,0.8244673070359354,0.8244673070359354
subspace_ridge,B04,point,1.0,10,True,5.696944444444444,False,0.8244673070359354,0.8244673070359354
subspace_ridge,B04,point,1.0,20,True,5.696944444444444,False,0.8244673070359354,0.8244673070359354
subspace_ridge,B04,lower_bound,1.0,5,True,5.696944444444444,False,0.8244673070359354,0.8244673070359354
subspace_ridge,B04,lower_bound,1.0,10,True,5.696944444444444,False,0.8244673070359354,0.8244673070359354
subspace_ridge,B04,lower_bound,1.0,20,True,5.696944444444444,False,0.8244673070359354,0.8244673070359354
subspace_ridge,B04,point,2.0,5,True,5.696944444444444,False,0.6489346140718709,0.6489346140718709
subspace_ridge,B04,point,2.0,10,True,5.696944444444444,False,0.6489346140718709,0.6489346140718709
subspace_ridge,B04,point,2.0,20,True,5.696944444444444,False,0.6489346140718709,0.6489346140718709
subspace_ridge,B04,lower_bound,2.0,5,True,5.696944444444444,False,0.6489346140718709,0.6489346140718709
subspace_ridge,B04,lower_bound,2.0,10,True,5.696944444444444,False,0.6489346140718709,0.6489346140718709
subspace_ridge,B04,lower_bound,2.0,20,True,5.696944444444444,False,0.6489346140718709,0.6489346140718709
subspace_ridge,B08,point,0.5,5,True,3.6033333333333335,False,0.29209370424597364,0.29209370424597364
subspace_ridge,B08,point,0.5,10,True,3.6033333333333335,False,0.29209370424597364,0.29209370424597364
subspace_ridge,B08,point,0.5,20,True,3.6033333333333335,False,0.29209370424597364,0.29209370424597364
subspace_ridge,B08,lower_bound,0.5,5,True,10.624444444444444,False,0.9529387157498431,0.9529387157498431
subspace_ridge,B08,lower_bound,0.5,10,True,10.624444444444444,False,0.9529387157498431,0.9529387157498431
subspace_ridge,B08,lower_bound,0.5,20,True,10.624444444444444,False,0.9529387157498431,0.9529387157498431
subspace_ridge,B08,point,1.0,5,True,4.001944444444445,False,0.2825507216063585,0.2825507216063585
subspace_ridge,B08,point,1.0,10,True,4.001944444444445,False,0.2825507216063585,0.2825507216063585
subspace_ridge,B08,point,1.0,20,True,4.001944444444445,False,0.2825507216063585,0.2825507216063585
subspace_ridge,B08,lower_bound,1.0,5,True,10.624444444444444,False,0.9058774314996862,0.9058774314996862
subspace_ridge,B08,lower_bound,1.0,10,True,10.624444444444444,False,0.9058774314996862,0.9058774314996862
subspace_ridge,B08,lower_bound,1.0,20,True,10.624444444444444,False,0.9058774314996862,0.9058774314996862
subspace_ridge,B08,point,2.0,5,True,5.896111111111111,False,0.36671198494038904,0.36671198494038904
subspace_ridge,B08,point,2.0,10,True,5.896111111111111,False,0.36671198494038904,0.36671198494038904
subspace_ridge,B08,point,2.0,20,True,5.896111111111111,False,0.36671198494038904,0.36671198494038904
subspace_ridge,B08,lower_bound,2.0,5,True,10.624444444444444,False,0.8117548629993725,0.8117548629993725
subspace_ridge,B08,lower_bound,2.0,10,True,10.624444444444444,False,0.8117548629993725,0.8117548629993725
subspace_ridge,B08,lower_bound,2.0,20,True,10.624444444444444,False,0.8117548629993725,0.8117548629993725
subspace_ridge,B10,point,0.5,5,True,4.898888888888889,False,0.23157125100533743,0.23157125100533743
subspace_ridge,B10,point,0.5,10,True,4.898888888888889,False,0.23157125100533743,0.23157125100533743
subspace_ridge,B10,point,0.5,20,True,4.898888888888889,False,0.23157125100533743,0.23157125100533743
subspace_ridge,B10,lower_bound,0.5,5,True,6.90388888888889,False,0.33712071360678514,0.33712071360678514
subspace_ridge,B10,lower_bound,0.5,10,True,6.90388888888889,False,0.33712071360678514,0.33712071360678514
subspace_ridge,B10,lower_bound,0.5,20,True,6.90388888888889,False,0.33712071360678514,0.33712071360678514
subspace_ridge,B10,point,1.0,5,True,5.500277777777779,False,0.2369086788038313,0.2369086788038313
subspace_ridge,B10,point,1.0,10,True,5.500277777777779,False,0.2369086788038313,0.2369086788038313
subspace_ridge,B10,point,1.0,20,True,5.500277777777779,False,0.2369086788038313,0.2369086788038313
subspace_ridge,B10,lower_bound,1.0,5,True,7.1875,False,0.325729326606712,0.325729326606712
subspace_ridge,B10,lower_bound,1.0,10,True,7.1875,False,0.325729326606712,0.325729326606712
subspace_ridge,B10,lower_bound,1.0,20,True,7.1875,False,0.325729326606712,0.325729326606712
subspace_ridge,B10,point,2.0,5,True,7.176388888888889,False,0.2725012795203626,0.2725012795203626
subspace_ridge,B10,point,2.0,10,True,7.176388888888889,False,0.2725012795203626,0.2725012795203626
subspace_ridge,B10,point,2.0,20,True,7.176388888888889,False,0.2725012795203626,0.2725012795203626
subspace_ridge,B10,lower_bound,2.0,5,True,8.980555555555556,False,0.36747824815383495,0.36747824815383495
subspace_ridge,B10,lower_bound,2.0,10,True,8.980555555555556,False,0.36747824815383495,0.36747824815383495
subspace_ridge,B10,lower_bound,2.0,20,True,8.980555555555556,False,0.36747824815383495,0.36747824815383495
subspace_ridge,B11,point,0.5,5,False,0.0,True,0.0,5.0
subspace_ridge,B11,point,0.5,10,False,0.0,True,0.0,10.0
subspace_ridge,B11,point,0.5,20,False,0.0,True,0.0,20.0
subspace_ridge,B11,lower_bound,0.5,5,True,7.309444444444443,False,0.7701781394325928,0.7701781394325928
subspace_ridge,B11,lower_bound,0.5,10,True,7.309444444444443,False,0.7701781394325928,0.7701781394325928
subspace_ridge,B11,lower_bound,0.5,20,True,7.309444444444443,False,0.7701781394325928,0.7701781394325928
subspace_ridge,B11,point,1.0,5,False,0.0,True,0.0,5.0
subspace_ridge,B11,point,1.0,10,False,0.0,True,0.0,10.0
subspace_ridge,B11,point,1.0,20,False,0.0,True,0.0,20.0
subspace_ridge,B11,lower_bound,1.0,5,True,7.76611111111111,False,0.7652769486945866,0.7652769486945866
subspace_ridge,B11,lower_bound,1.0,10,True,7.76611111111111,False,0.7652769486945866,0.7652769486945866
subspace_ridge,B11,lower_bound,1.0,20,True,7.76611111111111,False,0.7652769486945866,0.7652769486945866
subspace_ridge,B11,point,2.0,5,False,0.0,True,0.0,5.0
subspace_ridge,B11,point,2.0,10,False,0.0,True,0.0,10.0
subspace_ridge,B11,point,2.0,20,False,0.0,True,0.0,20.0
subspace_ridge,B11,lower_bound,2.0,5,True,8.505555555555555,False,0.735806968487857,0.735806968487857
subspace_ridge,B11,lower_bound,2.0,10,True,8.505555555555555,False,0.735806968487857,0.735806968487857
subspace_ridge,B11,lower_bound,2.0,20,True,8.505555555555555,False,0.735806968487857,0.735806968487857
subspace_ridge,B12,point,0.5,5,True,0.0366666666666666,True,0.0,5.0
subspace_ridge,B12,point,0.5,10,True,0.0366666666666666,True,0.0,10.0
subspace_ridge,B12,point,0.5,20,True,0.0366666666666666,True,0.0,20.0
subspace_ridge,B12,lower_bound,0.5,5,True,0.9930555555555554,False,0.193355119825708,0.193355119825708
subspace_ridge,B12,lower_bound,0.5,10,True,0.9930555555555554,False,0.193355119825708,0.193355119825708
subspace_ridge,B12,lower_bound,0.5,20,True,0.9930555555555554,False,0.193355119825708,0.193355119825708
subspace_ridge,B12,point,1.0,5,True,0.0799999999999996,True,0.0,5.0
subspace_ridge,B12,point,1.0,10,True,0.0799999999999996,True,0.0,10.0
subspace_ridge,B12,point,1.0,20,True,0.0799999999999996,True,0.0,20.0
subspace_ridge,B12,lower_bound,1.0,5,True,1.016111111111111,False,0.006318082788670967,0.006318082788670967
subspace_ridge,B12,lower_bound,1.0,10,True,1.016111111111111,False,0.006318082788670967,0.006318082788670967
subspace_ridge,B12,lower_bound,1.0,20,True,1.016111111111111,False,0.006318082788670967,0.006318082788670967
subspace_ridge,B12,point,2.0,5,True,0.5063888888888886,True,0.0,5.0
subspace_ridge,B12,point,2.0,10,True,0.5063888888888886,True,0.0,10.0
subspace_ridge,B12,point,2.0,20,True,0.5063888888888886,True,0.0,20.0
subspace_ridge,B12,lower_bound,2.0,5,True,1.4016666666666664,True,0.0,5.0
subspace_ridge,B12,lower_bound,2.0,10,True,1.4016666666666664,True,0.0,10.0
subspace_ridge,B12,lower_bound,2.0,20,True,1.4016666666666664,True,0.0,20.0
subspace_ridge,B17,point,0.5,5,True,3.2775,False,0.1690705263691855,0.1690705263691855
subspace_ridge,B17,point,0.5,10,True,3.2775,False,0.1690705263691855,0.1690705263691855
subspace_ridge,B17,point,0.5,20,True,3.2775,False,0.1690705263691855,0.1690705263691855
subspace_ridge,B17,lower_bound,0.5,5,True,3.686666666666667,False,0.19397710556128575,0.19397710556128575
subspace_ridge,B17,lower_bound,0.5,10,True,3.686666666666667,False,0.19397710556128575,0.19397710556128575
subspace_ridge,B17,lower_bound,0.5,20,True,3.686666666666667,False,0.19397710556128575,0.19397710556128575
subspace_ridge,B17,point,1.0,5,True,3.4477777777777785,False,0.14899984782130843,0.14899984782130843
subspace_ridge,B17,point,1.0,10,True,3.4477777777777785,False,0.14899984782130843,0.14899984782130843
subspace_ridge,B17,point,1.0,20,True,3.4477777777777785,False,0.14899984782130843,0.14899984782130843
subspace_ridge,B17,lower_bound,1.0,5,True,3.8575,False,0.17394024450043116,0.17394024450043116
subspace_ridge,B17,lower_bound,1.0,10,True,3.8575,False,0.17394024450043116,0.17394024450043116
subspace_ridge,B17,lower_bound,1.0,20,True,3.8575,False,0.17394024450043116,0.17394024450043116
subspace_ridge,B17,point,2.0,5,True,3.5138888888888893,False,0.09215265213641977,0.09215265213641977
subspace_ridge,B17,point,2.0,10,True,3.5138888888888893,False,0.09215265213641977,0.09215265213641977
subspace_ridge,B17,point,2.0,20,True,3.5138888888888893,False,0.09215265213641977,0.09215265213641977
subspace_ridge,B17,lower_bound,2.0,5,True,4.001944444444444,False,0.12186131448572053,0.12186131448572053
subspace_ridge,B17,lower_bound,2.0,10,True,4.001944444444444,False,0.12186131448572053,0.12186131448572053
subspace_ridge,B17,lower_bound,2.0,20,True,4.001944444444444,False,0.12186131448572053,0.12186131448572053
tcn,B02,point,0.5,5,True,0.7624999999999993,False,0.04673359378863545,0.04673359378863545
tcn,B02,point,0.5,10,True,0.7624999999999993,False,0.04673359378863545,0.04673359378863545
tcn,B02,point,0.5,20,True,0.7624999999999993,False,0.04673359378863545,0.04673359378863545
tcn,B02,lower_bound,0.5,5,True,1.3247222222222217,False,0.14682755551159676,0.14682755551159676
tcn,B02,lower_bound,0.5,10,True,1.3247222222222217,False,0.14682755551159676,0.14682755551159676
tcn,B02,lower_bound,0.5,20,True,1.3247222222222217,False,0.14682755551159676,0.14682755551159676
tcn,B02,point,1.0,5,True,1.1158333333333328,False,0.020622125513080364,0.020622125513080364
tcn,B02,point,1.0,10,True,1.1158333333333328,False,0.020622125513080364,0.020622125513080364
tcn,B02,point,1.0,20,True,1.1158333333333328,False,0.020622125513080364,0.020622125513080364
tcn,B02,lower_bound,1.0,5,True,1.3247222222222217,False,0.05781118639038614,0.05781118639038614
tcn,B02,lower_bound,1.0,10,True,1.3247222222222217,False,0.05781118639038614,0.05781118639038614
tcn,B02,lower_bound,1.0,20,True,1.3247222222222217,False,0.05781118639038614,0.05781118639038614
tcn,B02,point,2.0,5,True,1.213333333333333,True,0.0,5.0
tcn,B02,point,2.0,10,True,1.213333333333333,True,0.0,10.0
tcn,B02,point,2.0,20,True,1.213333333333333,True,0.0,20.0
tcn,B02,lower_bound,2.0,5,True,1.3502777777777777,True,0.0,5.0
tcn,B02,lower_bound,2.0,10,True,1.3502777777777777,True,0.0,10.0
tcn,B02,lower_bound,2.0,20,True,1.3502777777777777,True,0.0,20.0
tcn,B03,point,0.5,5,True,0.2705555555555556,True,0.0,5.0
tcn,B03,point,0.5,10,True,0.2705555555555556,True,0.0,10.0
tcn,B03,point,0.5,20,True,0.2705555555555556,True,0.0,20.0
tcn,B03,lower_bound,0.5,5,True,2.513333333333333,False,0.626068929774553,0.626068929774553
tcn,B03,lower_bound,0.5,10,True,2.513333333333333,False,0.626068929774553,0.626068929774553
tcn,B03,lower_bound,0.5,20,True,2.513333333333333,False,0.626068929774553,0.626068929774553
tcn,B03,point,1.0,5,True,0.296388888888889,True,0.0,5.0
tcn,B03,point,1.0,10,True,0.296388888888889,True,0.0,10.0
tcn,B03,point,1.0,20,True,0.296388888888889,True,0.0,20.0
tcn,B03,lower_bound,1.0,5,True,2.850833333333333,False,0.5755377040684114,0.5755377040684114
tcn,B03,lower_bound,1.0,10,True,2.850833333333333,False,0.5755377040684114,0.5755377040684114
tcn,B03,lower_bound,1.0,20,True,2.850833333333333,False,0.5755377040684114,0.5755377040684114
tcn,B03,point,2.0,5,True,1.6083333333333334,True,0.0,5.0
tcn,B03,point,2.0,10,True,1.6083333333333334,True,0.0,10.0
tcn,B03,point,2.0,20,True,1.6083333333333334,True,0.0,20.0
tcn,B03,lower_bound,2.0,5,True,3.0527777777777776,False,0.3273732400449166,0.3273732400449166
tcn,B03,lower_bound,2.0,10,True,3.0527777777777776,False,0.3273732400449166,0.3273732400449166
tcn,B03,lower_bound,2.0,20,True,3.0527777777777776,False,0.3273732400449166,0.3273732400449166
tcn,B04,point,0.5,5,True,1.483888888888888,False,0.1727046662440878,0.1727046662440878
tcn,B04,point,0.5,10,True,1.483888888888888,False,0.1727046662440878,0.1727046662440878
tcn,B04,point,0.5,20,True,1.483888888888888,False,0.1727046662440878,0.1727046662440878
tcn,B04,lower_bound,0.5,5,True,5.696944444444444,False,0.9122336535179677,0.9122336535179677
tcn,B04,lower_bound,0.5,10,True,5.696944444444444,False,0.9122336535179677,0.9122336535179677
tcn,B04,lower_bound,0.5,20,True,5.696944444444444,False,0.9122336535179677,0.9122336535179677
tcn,B04,point,1.0,5,True,1.4991666666666663,False,0.0876200692378955,0.0876200692378955
tcn,B04,point,1.0,10,True,1.4991666666666663,False,0.0876200692378955,0.0876200692378955
tcn,B04,point,1.0,20,True,1.4991666666666663,False,0.0876200692378955,0.0876200692378955
tcn,B04,lower_bound,1.0,5,True,5.696944444444444,False,0.8244673070359354,0.8244673070359354
tcn,B04,lower_bound,1.0,10,True,5.696944444444444,False,0.8244673070359354,0.8244673070359354
tcn,B04,lower_bound,1.0,20,True,5.696944444444444,False,0.8244673070359354,0.8244673070359354
tcn,B04,point,2.0,5,True,3.310277777777777,False,0.22999658686430335,0.22999658686430335
tcn,B04,point,2.0,10,True,3.310277777777777,False,0.22999658686430335,0.22999658686430335
tcn,B04,point,2.0,20,True,3.310277777777777,False,0.22999658686430335,0.22999658686430335
tcn,B04,lower_bound,2.0,5,True,5.696944444444444,False,0.6489346140718709,0.6489346140718709
tcn,B04,lower_bound,2.0,10,True,5.696944444444444,False,0.6489346140718709,0.6489346140718709
tcn,B04,lower_bound,2.0,20,True,5.696944444444444,False,0.6489346140718709,0.6489346140718709
tcn,B08,point,0.5,5,True,3.498611111111111,False,0.2822369797113574,0.2822369797113574
tcn,B08,point,0.5,10,True,3.498611111111111,False,0.2822369797113574,0.2822369797113574
tcn,B08,point,0.5,20,True,3.498611111111111,False,0.2822369797113574,0.2822369797113574
tcn,B08,lower_bound,0.5,5,True,10.261666666666668,False,0.9187931395105629,0.9187931395105629
tcn,B08,lower_bound,0.5,10,True,10.261666666666668,False,0.9187931395105629,0.9187931395105629
tcn,B08,lower_bound,0.5,20,True,10.261666666666668,False,0.9187931395105629,0.9187931395105629
tcn,B08,point,1.0,5,True,3.556111111111111,False,0.2405877431499686,0.2405877431499686
tcn,B08,point,1.0,10,True,3.556111111111111,False,0.2405877431499686,0.2405877431499686
tcn,B08,point,1.0,20,True,3.556111111111111,False,0.2405877431499686,0.2405877431499686
tcn,B08,lower_bound,1.0,5,True,10.624444444444444,False,0.9058774314996862,0.9058774314996862
tcn,B08,lower_bound,1.0,10,True,10.624444444444444,False,0.9058774314996862,0.9058774314996862
tcn,B08,lower_bound,1.0,20,True,10.624444444444444,False,0.9058774314996862,0.9058774314996862
tcn,B08,point,2.0,5,True,8.847222222222221,False,0.6444781426479815,0.6444781426479815
tcn,B08,point,2.0,10,True,8.847222222222221,False,0.6444781426479815,0.6444781426479815
tcn,B08,point,2.0,20,True,8.847222222222221,False,0.6444781426479815,0.6444781426479815
tcn,B08,lower_bound,2.0,5,True,10.624444444444444,False,0.8117548629993725,0.8117548629993725
tcn,B08,lower_bound,2.0,10,True,10.624444444444444,False,0.8117548629993725,0.8117548629993725
tcn,B08,lower_bound,2.0,20,True,10.624444444444444,False,0.8117548629993725,0.8117548629993725
tcn,B10,point,0.5,5,True,2.3594444444444456,False,0.09788696351539086,0.09788696351539086
tcn,B10,point,0.5,10,True,2.3594444444444456,False,0.09788696351539086,0.09788696351539086
tcn,B10,point,0.5,20,True,2.3594444444444456,False,0.09788696351539086,0.09788696351539086
tcn,B10,lower_bound,0.5,5,True,18.96027777777778,False,0.9718066827520656,0.9718066827520656
tcn,B10,lower_bound,0.5,10,True,18.96027777777778,False,0.9718066827520656,0.9718066827520656
tcn,B10,lower_bound,0.5,20,True,18.96027777777778,False,0.9718066827520656,0.9718066827520656
tcn,B10,point,1.0,5,True,4.928055555555556,False,0.20678511369452365,0.20678511369452365
tcn,B10,point,1.0,10,True,4.928055555555556,False,0.20678511369452365,0.20678511369452365
tcn,B10,point,1.0,20,True,4.928055555555556,False,0.20678511369452365,0.20678511369452365
tcn,B10,lower_bound,1.0,5,True,18.995833333333334,False,0.9473568765080062,0.9473568765080062
tcn,B10,lower_bound,1.0,10,True,18.995833333333334,False,0.9473568765080062,0.9473568765080062
tcn,B10,lower_bound,1.0,20,True,18.995833333333334,False,0.9473568765080062,0.9473568765080062
tcn,B10,point,2.0,5,True,7.806111111111111,False,0.3056518242304599,0.3056518242304599
tcn,B10,point,2.0,10,True,7.806111111111111,False,0.3056518242304599,0.3056518242304599
tcn,B10,point,2.0,20,True,7.806111111111111,False,0.3056518242304599,0.3056518242304599
tcn,B10,lower_bound,2.0,5,True,18.995833333333334,False,0.8947137530160123,0.8947137530160123
tcn,B10,lower_bound,2.0,10,True,18.995833333333334,False,0.8947137530160123,0.8947137530160123
tcn,B10,lower_bound,2.0,20,True,18.995833333333334,False,0.8947137530160123,0.8947137530160123
tcn,B11,point,0.5,5,True,0.5786111111111101,False,0.008891262684972707,0.008891262684972707
tcn,B11,point,0.5,10,True,0.5786111111111101,False,0.008891262684972707,0.008891262684972707
tcn,B11,point,0.5,20,True,0.5786111111111101,False,0.008891262684972707,0.008891262684972707
tcn,B11,lower_bound,0.5,5,True,4.439166666666666,False,0.4455370888183732,0.4455370888183732
tcn,B11,lower_bound,0.5,10,True,4.439166666666666,False,0.4455370888183732,0.4455370888183732
tcn,B11,lower_bound,0.5,20,True,4.439166666666666,False,0.4455370888183732,0.4455370888183732
tcn,B11,point,1.0,5,True,0.7141666666666655,True,0.0,5.0
tcn,B11,point,1.0,10,True,0.7141666666666655,True,0.0,10.0
tcn,B11,point,1.0,20,True,0.7141666666666655,True,0.0,20.0
tcn,B11,lower_bound,1.0,5,True,4.536111111111111,False,0.39994973137704615,0.39994973137704615
tcn,B11,lower_bound,1.0,10,True,4.536111111111111,False,0.39994973137704615,0.39994973137704615
tcn,B11,lower_bound,1.0,20,True,4.536111111111111,False,0.39994973137704615,0.39994973137704615
tcn,B11,point,2.0,5,True,4.40361111111111,False,0.2718589965126142,0.2718589965126142
tcn,B11,point,2.0,10,True,4.40361111111111,False,0.2718589965126142,0.2718589965126142
tcn,B11,point,2.0,20,True,4.40361111111111,False,0.2718589965126142,0.2718589965126142
tcn,B11,lower_bound,2.0,5,True,5.057499999999999,False,0.34581670803355424,0.34581670803355424
tcn,B11,lower_bound,2.0,10,True,5.057499999999999,False,0.34581670803355424,0.34581670803355424
tcn,B11,lower_bound,2.0,20,True,5.057499999999999,False,0.34581670803355424,0.34581670803355424
tcn,B12,point,0.5,5,True,0.7102777777777776,False,0.08246187363834415,0.08246187363834415
tcn,B12,point,0.5,10,True,0.7102777777777776,False,0.08246187363834415,0.08246187363834415
tcn,B12,point,0.5,20,True,0.7102777777777776,False,0.08246187363834415,0.08246187363834415
tcn,B12,lower_bound,0.5,5,True,1.0494444444444442,False,0.21546840958605656,0.21546840958605656
tcn,B12,lower_bound,0.5,10,True,1.0494444444444442,False,0.21546840958605656,0.21546840958605656
tcn,B12,lower_bound,0.5,20,True,1.0494444444444442,False,0.21546840958605656,0.21546840958605656
tcn,B12,point,1.0,5,True,0.9530555555555552,True,0.0,5.0
tcn,B12,point,1.0,10,True,0.9530555555555552,True,0.0,10.0
tcn,B12,point,1.0,20,True,0.9530555555555552,True,0.0,20.0
tcn,B12,lower_bound,1.0,5,True,2.076944444444444,False,0.4223311546840957,0.4223311546840957
tcn,B12,lower_bound,1.0,10,True,2.076944444444444,False,0.4223311546840957,0.4223311546840957
tcn,B12,lower_bound,1.0,20,True,2.076944444444444,False,0.4223311546840957,0.4223311546840957
tcn,B12,point,2.0,5,True,1.0327777777777776,True,0.0,5.0
tcn,B12,point,2.0,10,True,1.0327777777777776,True,0.0,10.0
tcn,B12,point,2.0,20,True,1.0327777777777776,True,0.0,20.0
tcn,B12,lower_bound,2.0,5,True,2.113611111111111,False,0.04455337690631808,0.04455337690631808
tcn,B12,lower_bound,2.0,10,True,2.113611111111111,False,0.04455337690631808,0.04455337690631808
tcn,B12,lower_bound,2.0,20,True,2.113611111111111,False,0.04455337690631808,0.04455337690631808
tcn,B17,point,0.5,5,True,0.6577777777777776,False,0.009604166314401164,0.009604166314401164
tcn,B17,point,0.5,10,True,0.6577777777777776,False,0.009604166314401164,0.009604166314401164
tcn,B17,point,0.5,20,True,0.6577777777777776,False,0.009604166314401164,0.009604166314401164
tcn,B17,lower_bound,0.5,5,True,16.428055555555556,False,0.9695642616797145,0.9695642616797145
tcn,B17,lower_bound,0.5,10,True,16.428055555555556,False,0.9695642616797145,0.9695642616797145
tcn,B17,lower_bound,0.5,20,True,16.428055555555556,False,0.9695642616797145,0.9695642616797145
tcn,B17,point,1.0,5,True,2.3338888888888896,False,0.08119578634111703,0.08119578634111703
tcn,B17,point,1.0,10,True,2.3338888888888896,False,0.08119578634111703,0.08119578634111703
tcn,B17,point,1.0,20,True,2.3338888888888896,False,0.08119578634111703,0.08119578634111703
tcn,B17,lower_bound,1.0,5,True,16.428055555555556,False,0.9391285233594292,0.9391285233594292
tcn,B17,lower_bound,1.0,10,True,16.428055555555556,False,0.9391285233594292,0.9391285233594292
tcn,B17,lower_bound,1.0,20,True,16.428055555555556,False,0.9391285233594292,0.9391285233594292
tcn,B17,point,2.0,5,True,3.2713888888888896,False,0.07739131905108135,0.07739131905108135
tcn,B17,point,2.0,10,True,3.2713888888888896,False,0.07739131905108135,0.07739131905108135
tcn,B17,point,2.0,20,True,3.2713888888888896,False,0.07739131905108135,0.07739131905108135
tcn,B17,lower_bound,2.0,5,True,16.428055555555556,False,0.8782570467188583,0.8782570467188583
tcn,B17,lower_bound,2.0,10,True,16.428055555555556,False,0.8782570467188583,0.8782570467188583
tcn,B17,lower_bound,2.0,20,True,16.428055555555556,False,0.8782570467188583,0.8782570467188583
temperature_only,B02,point,0.5,5,False,0.0,True,0.0,5.0
temperature_only,B02,point,0.5,10,False,0.0,True,0.0,10.0
temperature_only,B02,point,0.5,20,False,0.0,True,0.0,20.0
temperature_only,B02,lower_bound,0.5,5,True,5.616944444444444,False,0.9109836308787894,0.9109836308787894
temperature_only,B02,lower_bound,0.5,10,True,5.616944444444444,False,0.9109836308787894,0.9109836308787894
temperature_only,B02,lower_bound,0.5,20,True,5.616944444444444,False,0.9109836308787894,0.9109836308787894
temperature_only,B02,point,1.0,5,False,0.0,True,0.0,5.0
temperature_only,B02,point,1.0,10,False,0.0,True,0.0,10.0
temperature_only,B02,point,1.0,20,False,0.0,True,0.0,20.0
temperature_only,B02,lower_bound,1.0,5,True,5.616944444444444,False,0.8219672617575787,0.8219672617575787
temperature_only,B02,lower_bound,1.0,10,True,5.616944444444444,False,0.8219672617575787,0.8219672617575787
temperature_only,B02,lower_bound,1.0,20,True,5.616944444444444,False,0.8219672617575787,0.8219672617575787
temperature_only,B02,point,2.0,5,False,0.0,True,0.0,5.0
temperature_only,B02,point,2.0,10,False,0.0,True,0.0,10.0
temperature_only,B02,point,2.0,20,False,0.0,True,0.0,20.0
temperature_only,B02,lower_bound,2.0,5,True,5.616944444444444,False,0.6439345235151575,0.6439345235151575
temperature_only,B02,lower_bound,2.0,10,True,5.616944444444444,False,0.6439345235151575,0.6439345235151575
temperature_only,B02,lower_bound,2.0,20,True,5.616944444444444,False,0.6439345235151575,0.6439345235151575
temperature_only,B03,point,0.5,5,True,2.643333333333333,False,0.6664939103394661,0.6664939103394661
temperature_only,B03,point,0.5,10,True,2.643333333333333,False,0.6664939103394661,0.6664939103394661
temperature_only,B03,point,0.5,20,True,2.643333333333333,False,0.6664939103394661,0.6664939103394661
temperature_only,B03,lower_bound,0.5,5,True,3.2158333333333333,False,0.8445193055195647,0.8445193055195647
temperature_only,B03,lower_bound,0.5,10,True,3.2158333333333333,False,0.8445193055195647,0.8445193055195647
temperature_only,B03,lower_bound,0.5,20,True,3.2158333333333333,False,0.8445193055195647,0.8445193055195647
temperature_only,B03,point,1.0,5,True,2.7830555555555554,False,0.5544614321499525,0.5544614321499525
temperature_only,B03,point,1.0,10,True,2.7830555555555554,False,0.5544614321499525,0.5544614321499525
temperature_only,B03,point,1.0,20,True,2.7830555555555554,False,0.5544614321499525,0.5544614321499525
temperature_only,B03,lower_bound,1.0,5,True,3.2158333333333333,False,0.6890386110391293,0.6890386110391293
temperature_only,B03,lower_bound,1.0,10,True,3.2158333333333333,False,0.6890386110391293,0.6890386110391293
temperature_only,B03,lower_bound,1.0,20,True,3.2158333333333333,False,0.6890386110391293,0.6890386110391293
temperature_only,B03,point,2.0,5,True,2.7980555555555555,False,0.24816446402349485,0.24816446402349485
temperature_only,B03,point,2.0,10,True,2.7980555555555555,False,0.24816446402349485,0.24816446402349485
temperature_only,B03,point,2.0,20,True,2.7980555555555555,False,0.24816446402349485,0.24816446402349485
temperature_only,B03,lower_bound,2.0,5,True,3.2158333333333333,False,0.3780772220782586,0.3780772220782586
temperature_only,B03,lower_bound,2.0,10,True,3.2158333333333333,False,0.3780772220782586,0.3780772220782586
temperature_only,B03,lower_bound,2.0,20,True,3.2158333333333333,False,0.3780772220782586,0.3780772220782586
temperature_only,B04,point,0.5,5,False,0.0,True,0.0,5.0
temperature_only,B04,point,0.5,10,False,0.0,True,0.0,10.0
temperature_only,B04,point,0.5,20,False,0.0,True,0.0,20.0
temperature_only,B04,lower_bound,0.5,5,True,5.696944444444444,False,0.9122336535179677,0.9122336535179677
temperature_only,B04,lower_bound,0.5,10,True,5.696944444444444,False,0.9122336535179677,0.9122336535179677
temperature_only,B04,lower_bound,0.5,20,True,5.696944444444444,False,0.9122336535179677,0.9122336535179677
temperature_only,B04,point,1.0,5,False,0.0,True,0.0,5.0
temperature_only,B04,point,1.0,10,False,0.0,True,0.0,10.0
temperature_only,B04,point,1.0,20,False,0.0,True,0.0,20.0
temperature_only,B04,lower_bound,1.0,5,True,5.696944444444444,False,0.8244673070359354,0.8244673070359354
temperature_only,B04,lower_bound,1.0,10,True,5.696944444444444,False,0.8244673070359354,0.8244673070359354
temperature_only,B04,lower_bound,1.0,20,True,5.696944444444444,False,0.8244673070359354,0.8244673070359354
temperature_only,B04,point,2.0,5,False,0.0,True,0.0,5.0
temperature_only,B04,point,2.0,10,False,0.0,True,0.0,10.0
temperature_only,B04,point,2.0,20,False,0.0,True,0.0,20.0
temperature_only,B04,lower_bound,2.0,5,True,5.696944444444444,False,0.6489346140718709,0.6489346140718709
temperature_only,B04,lower_bound,2.0,10,True,5.696944444444444,False,0.6489346140718709,0.6489346140718709
temperature_only,B04,lower_bound,2.0,20,True,5.696944444444444,False,0.6489346140718709,0.6489346140718709
temperature_only,B08,point,0.5,5,True,5.552777777777778,False,0.47558042250575194,0.47558042250575194
temperature_only,B08,point,0.5,10,True,5.552777777777778,False,0.47558042250575194,0.47558042250575194
temperature_only,B08,point,0.5,20,True,5.552777777777778,False,0.47558042250575194,0.47558042250575194
temperature_only,B08,lower_bound,0.5,5,True,10.624444444444444,False,0.9529387157498431,0.9529387157498431
temperature_only,B08,lower_bound,0.5,10,True,10.624444444444444,False,0.9529387157498431,0.9529387157498431
temperature_only,B08,lower_bound,0.5,20,True,10.624444444444444,False,0.9529387157498431,0.9529387157498431
temperature_only,B08,point,1.0,5,True,6.228888888888889,False,0.4921564526249739,0.4921564526249739
temperature_only,B08,point,1.0,10,True,6.228888888888889,False,0.4921564526249739,0.4921564526249739
temperature_only,B08,point,1.0,20,True,6.228888888888889,False,0.4921564526249739,0.4921564526249739
temperature_only,B08,lower_bound,1.0,5,True,10.624444444444444,False,0.9058774314996862,0.9058774314996862
temperature_only,B08,lower_bound,1.0,10,True,10.624444444444444,False,0.9058774314996862,0.9058774314996862
temperature_only,B08,lower_bound,1.0,20,True,10.624444444444444,False,0.9058774314996862,0.9058774314996862
temperature_only,B08,point,2.0,5,True,7.606388888888889,False,0.5276877222338423,0.5276877222338423
temperature_only,B08,point,2.0,10,True,7.606388888888889,False,0.5276877222338423,0.5276877222338423
temperature_only,B08,point,2.0,20,True,7.606388888888889,False,0.5276877222338423,0.5276877222338423
temperature_only,B08,lower_bound,2.0,5,True,10.624444444444444,False,0.8117548629993725,0.8117548629993725
temperature_only,B08,lower_bound,2.0,10,True,10.624444444444444,False,0.8117548629993725,0.8117548629993725
temperature_only,B08,lower_bound,2.0,20,True,10.624444444444444,False,0.8117548629993725,0.8117548629993725
temperature_only,B10,point,0.5,5,True,3.5619444444444444,False,0.1611903195145134,0.1611903195145134
temperature_only,B10,point,0.5,10,True,3.5619444444444444,False,0.1611903195145134,0.1611903195145134
temperature_only,B10,point,0.5,20,True,3.5619444444444444,False,0.1611903195145134,0.1611903195145134
temperature_only,B10,lower_bound,0.5,5,True,16.555,False,0.8451853476639614,0.8451853476639614
temperature_only,B10,lower_bound,0.5,10,True,16.555,False,0.8451853476639614,0.8451853476639614
temperature_only,B10,lower_bound,0.5,20,True,16.555,False,0.8451853476639614,0.8451853476639614
temperature_only,B10,point,1.0,5,True,8.700000000000001,False,0.40535205088835274,0.40535205088835274
temperature_only,B10,point,1.0,10,True,8.700000000000001,False,0.40535205088835274,0.40535205088835274
temperature_only,B10,point,1.0,20,True,8.700000000000001,False,0.40535205088835274,0.40535205088835274
temperature_only,B10,lower_bound,1.0,5,True,18.12638888888889,False,0.9015866052496893,0.9015866052496893
temperature_only,B10,lower_bound,1.0,10,True,18.12638888888889,False,0.9015866052496893,0.9015866052496893
temperature_only,B10,lower_bound,1.0,20,True,18.12638888888889,False,0.9015866052496893,0.9015866052496893
temperature_only,B10,point,2.0,5,True,10.941666666666666,False,0.4707172625575784,0.4707172625575784
temperature_only,B10,point,2.0,10,True,10.941666666666666,False,0.4707172625575784,0.4707172625575784
temperature_only,B10,point,2.0,20,True,10.941666666666666,False,0.4707172625575784,0.4707172625575784
temperature_only,B10,lower_bound,2.0,5,True,18.17805555555556,False,0.8516633764714486,0.8516633764714486
temperature_only,B10,lower_bound,2.0,10,True,18.17805555555556,False,0.8516633764714486,0.8516633764714486
temperature_only,B10,lower_bound,2.0,20,True,18.17805555555556,False,0.8516633764714486,0.8516633764714486
temperature_only,B11,point,0.5,5,False,0.0,True,0.0,5.0
temperature_only,B11,point,0.5,10,False,0.0,True,0.0,10.0
temperature_only,B11,point,0.5,20,False,0.0,True,0.0,20.0
temperature_only,B11,lower_bound,0.5,5,False,0.0,True,0.0,5.0
temperature_only,B11,lower_bound,0.5,10,False,0.0,True,0.0,10.0
temperature_only,B11,lower_bound,0.5,20,False,0.0,True,0.0,20.0
temperature_only,B11,point,1.0,5,False,0.0,True,0.0,5.0
temperature_only,B11,point,1.0,10,False,0.0,True,0.0,10.0
temperature_only,B11,point,1.0,20,False,0.0,True,0.0,20.0
temperature_only,B11,lower_bound,1.0,5,False,0.0,True,0.0,5.0
temperature_only,B11,lower_bound,1.0,10,False,0.0,True,0.0,10.0
temperature_only,B11,lower_bound,1.0,20,False,0.0,True,0.0,20.0
temperature_only,B11,point,2.0,5,False,0.0,True,0.0,5.0
temperature_only,B11,point,2.0,10,False,0.0,True,0.0,10.0
temperature_only,B11,point,2.0,20,False,0.0,True,0.0,20.0
temperature_only,B11,lower_bound,2.0,5,False,0.0,True,0.0,5.0
temperature_only,B11,lower_bound,2.0,10,False,0.0,True,0.0,10.0
temperature_only,B11,lower_bound,2.0,20,False,0.0,True,0.0,20.0
temperature_only,B12,point,0.5,5,False,0.0,True,0.0,5.0
temperature_only,B12,point,0.5,10,False,0.0,True,0.0,10.0
temperature_only,B12,point,0.5,20,False,0.0,True,0.0,20.0
temperature_only,B12,lower_bound,0.5,5,True,2.55,False,0.803921568627451,0.803921568627451
temperature_only,B12,lower_bound,0.5,10,True,2.55,False,0.803921568627451,0.803921568627451
temperature_only,B12,lower_bound,0.5,20,True,2.55,False,0.803921568627451,0.803921568627451
temperature_only,B12,point,1.0,5,False,0.0,True,0.0,5.0
temperature_only,B12,point,1.0,10,False,0.0,True,0.0,10.0
temperature_only,B12,point,1.0,20,False,0.0,True,0.0,20.0
temperature_only,B12,lower_bound,1.0,5,True,2.55,False,0.6078431372549019,0.6078431372549019
temperature_only,B12,lower_bound,1.0,10,True,2.55,False,0.6078431372549019,0.6078431372549019
temperature_only,B12,lower_bound,1.0,20,True,2.55,False,0.6078431372549019,0.6078431372549019
temperature_only,B12,point,2.0,5,False,0.0,True,0.0,5.0
temperature_only,B12,point,2.0,10,False,0.0,True,0.0,10.0
temperature_only,B12,point,2.0,20,False,0.0,True,0.0,20.0
temperature_only,B12,lower_bound,2.0,5,True,2.55,False,0.21568627450980388,0.21568627450980388
temperature_only,B12,lower_bound,2.0,10,True,2.55,False,0.21568627450980388,0.21568627450980388
temperature_only,B12,lower_bound,2.0,20,True,2.55,False,0.21568627450980388,0.21568627450980388
temperature_only,B17,point,0.5,5,False,0.0,True,0.0,5.0
temperature_only,B17,point,0.5,10,False,0.0,True,0.0,10.0
temperature_only,B17,point,0.5,20,False,0.0,True,0.0,20.0
temperature_only,B17,lower_bound,0.5,5,True,15.279722222222222,False,0.8996635160041258,0.8996635160041258
temperature_only,B17,lower_bound,0.5,10,True,15.279722222222222,False,0.8996635160041258,0.8996635160041258
temperature_only,B17,lower_bound,0.5,20,True,15.279722222222222,False,0.8996635160041258,0.8996635160041258
temperature_only,B17,point,1.0,5,False,0.0,True,0.0,5.0
temperature_only,B17,point,1.0,10,False,0.0,True,0.0,10.0
temperature_only,B17,point,1.0,20,False,0.0,True,0.0,20.0
temperature_only,B17,lower_bound,1.0,5,True,15.451944444444443,False,0.8797111986608274,0.8797111986608274
temperature_only,B17,lower_bound,1.0,10,True,15.451944444444443,False,0.8797111986608274,0.8797111986608274
temperature_only,B17,lower_bound,1.0,20,True,15.451944444444443,False,0.8797111986608274,0.8797111986608274
temperature_only,B17,point,2.0,5,True,2.051944444444445,False,0.0031619350366074643,0.0031619350366074643
temperature_only,B17,point,2.0,10,True,2.051944444444445,False,0.0031619350366074643,0.0031619350366074643
temperature_only,B17,point,2.0,20,True,2.051944444444445,False,0.0031619350366074643,0.0031619350366074643
temperature_only,B17,lower_bound,2.0,5,True,15.451944444444443,False,0.8188397220202566,0.8188397220202566
temperature_only,B17,lower_bound,2.0,10,True,15.451944444444443,False,0.8188397220202566,0.8188397220202566
temperature_only,B17,lower_bound,2.0,20,True,15.451944444444443,False,0.8188397220202566,0.8188397220202566
time_only,B02,point,0.5,5,False,0.0,True,0.0,5.0
time_only,B02,point,0.5,10,False,0.0,True,0.0,10.0
time_only,B02,point,0.5,20,False,0.0,True,0.0,20.0
time_only,B02,lower_bound,0.5,5,True,0.4186111111111108,True,0.0,5.0
time_only,B02,lower_bound,0.5,10,True,0.4186111111111108,True,0.0,10.0
time_only,B02,lower_bound,0.5,20,True,0.4186111111111108,True,0.0,20.0
time_only,B02,point,1.0,5,False,0.0,True,0.0,5.0
time_only,B02,point,1.0,10,False,0.0,True,0.0,10.0
time_only,B02,point,1.0,20,False,0.0,True,0.0,20.0
time_only,B02,lower_bound,1.0,5,True,0.9174999999999996,True,0.0,5.0
time_only,B02,lower_bound,1.0,10,True,0.9174999999999996,True,0.0,10.0
time_only,B02,lower_bound,1.0,20,True,0.9174999999999996,True,0.0,20.0
time_only,B02,point,2.0,5,False,0.0,True,0.0,5.0
time_only,B02,point,2.0,10,False,0.0,True,0.0,10.0
time_only,B02,point,2.0,20,False,0.0,True,0.0,20.0
time_only,B02,lower_bound,2.0,5,True,1.918333333333333,True,0.0,5.0
time_only,B02,lower_bound,2.0,10,True,1.918333333333333,True,0.0,10.0
time_only,B02,lower_bound,2.0,20,True,1.918333333333333,True,0.0,20.0
time_only,B03,point,0.5,5,False,0.0,True,0.0,5.0
time_only,B03,point,0.5,10,False,0.0,True,0.0,10.0
time_only,B03,point,0.5,20,False,0.0,True,0.0,20.0
time_only,B03,lower_bound,0.5,5,False,0.0,True,0.0,5.0
time_only,B03,lower_bound,0.5,10,False,0.0,True,0.0,10.0
time_only,B03,lower_bound,0.5,20,False,0.0,True,0.0,20.0
time_only,B03,point,1.0,5,False,0.0,True,0.0,5.0
time_only,B03,point,1.0,10,False,0.0,True,0.0,10.0
time_only,B03,point,1.0,20,False,0.0,True,0.0,20.0
time_only,B03,lower_bound,1.0,5,False,0.0,True,0.0,5.0
time_only,B03,lower_bound,1.0,10,False,0.0,True,0.0,10.0
time_only,B03,lower_bound,1.0,20,False,0.0,True,0.0,20.0
time_only,B03,point,2.0,5,False,0.0,True,0.0,5.0
time_only,B03,point,2.0,10,False,0.0,True,0.0,10.0
time_only,B03,point,2.0,20,False,0.0,True,0.0,20.0
time_only,B03,lower_bound,2.0,5,False,0.0,True,0.0,5.0
time_only,B03,lower_bound,2.0,10,False,0.0,True,0.0,10.0
time_only,B03,lower_bound,2.0,20,False,0.0,True,0.0,20.0
time_only,B04,point,0.5,5,True,0.5788888888888888,False,0.01384757911160952,0.01384757911160952
time_only,B04,point,0.5,10,True,0.5788888888888888,False,0.01384757911160952,0.01384757911160952
time_only,B04,point,0.5,20,True,0.5788888888888888,False,0.01384757911160952,0.01384757911160952
time_only,B04,lower_bound,0.5,5,True,5.696944444444444,False,0.9122336535179677,0.9122336535179677
time_only,B04,lower_bound,0.5,10,True,5.696944444444444,False,0.9122336535179677,0.9122336535179677
time_only,B04,lower_bound,0.5,20,True,5.696944444444444,False,0.9122336535179677,0.9122336535179677
time_only,B04,point,1.0,5,True,1.0763888888888884,False,0.01340874737919929,0.01340874737919929
time_only,B04,point,1.0,10,True,1.0763888888888884,False,0.01340874737919929,0.01340874737919929
time_only,B04,point,1.0,20,True,1.0763888888888884,False,0.01340874737919929,0.01340874737919929
time_only,B04,lower_bound,1.0,5,True,5.696944444444444,False,0.8244673070359354,0.8244673070359354
time_only,B04,lower_bound,1.0,10,True,5.696944444444444,False,0.8244673070359354,0.8244673070359354
time_only,B04,lower_bound,1.0,20,True,5.696944444444444,False,0.8244673070359354,0.8244673070359354
time_only,B04,point,2.0,5,True,2.076944444444444,False,0.013506265541957118,0.013506265541957118
time_only,B04,point,2.0,10,True,2.076944444444444,False,0.013506265541957118,0.013506265541957118
time_only,B04,point,2.0,20,True,2.076944444444444,False,0.013506265541957118,0.013506265541957118
time_only,B04,lower_bound,2.0,5,True,5.696944444444444,False,0.6489346140718709,0.6489346140718709
time_only,B04,lower_bound,2.0,10,True,5.696944444444444,False,0.6489346140718709,0.6489346140718709
time_only,B04,lower_bound,2.0,20,True,5.696944444444444,False,0.6489346140718709,0.6489346140718709
time_only,B08,point,0.5,5,True,5.504444444444444,False,0.4710311650282368,0.4710311650282368
time_only,B08,point,0.5,10,True,5.504444444444444,False,0.4710311650282368,0.4710311650282368
time_only,B08,point,0.5,20,True,5.504444444444444,False,0.4710311650282368,0.4710311650282368
time_only,B08,lower_bound,0.5,5,True,8.731388888888889,False,0.7747594645471658,0.7747594645471658
time_only,B08,lower_bound,0.5,10,True,8.731388888888889,False,0.7747594645471658,0.7747594645471658
time_only,B08,lower_bound,0.5,20,True,8.731388888888889,False,0.7747594645471658,0.7747594645471658
time_only,B08,point,1.0,5,True,6.006666666666667,False,0.4712403262915708,0.4712403262915708
time_only,B08,point,1.0,10,True,6.006666666666667,False,0.4712403262915708,0.4712403262915708
time_only,B08,point,1.0,20,True,6.006666666666667,False,0.4712403262915708,0.4712403262915708
time_only,B08,lower_bound,1.0,5,True,9.22888888888889,False,0.7745241581259151,0.7745241581259151
time_only,B08,lower_bound,1.0,10,True,9.22888888888889,False,0.7745241581259151,0.7745241581259151
time_only,B08,lower_bound,1.0,20,True,9.22888888888889,False,0.7745241581259151,0.7745241581259151
time_only,B08,point,2.0,5,True,7.005,False,0.47108345534407026,0.47108345534407026
time_only,B08,point,2.0,10,True,7.005,False,0.47108345534407026,0.47108345534407026
time_only,B08,point,2.0,20,True,7.005,False,0.47108345534407026,0.47108345534407026
time_only,B08,lower_bound,2.0,5,True,10.228055555555557,False,0.7744457226521649,0.7744457226521649
time_only,B08,lower_bound,2.0,10,True,10.228055555555557,False,0.7744457226521649,0.7744457226521649
time_only,B08,lower_bound,2.0,20,True,10.228055555555557,False,0.7744457226521649,0.7744457226521649
time_only,B10,point,0.5,5,True,13.796944444444446,False,0.6999926884550706,0.6999926884550706
time_only,B10,point,0.5,10,True,13.796944444444446,False,0.6999926884550706,0.6999926884550706
time_only,B10,point,0.5,20,True,13.796944444444446,False,0.6999926884550706,0.6999926884550706
time_only,B10,lower_bound,0.5,5,True,16.94361111111111,False,0.8656430503765445,0.8656430503765445
time_only,B10,lower_bound,0.5,10,True,16.94361111111111,False,0.8656430503765445,0.8656430503765445
time_only,B10,lower_bound,0.5,20,True,16.94361111111111,False,0.8656430503765445,0.8656430503765445
time_only,B10,point,1.0,5,True,14.293333333333331,False,0.6998025882869049,0.6998025882869049
time_only,B10,point,1.0,10,True,14.293333333333331,False,0.6998025882869049,0.6998025882869049
time_only,B10,point,1.0,20,True,14.293333333333331,False,0.6998025882869049,0.6998025882869049
time_only,B10,lower_bound,1.0,5,True,17.4425,False,0.865584558017109,0.865584558017109
time_only,B10,lower_bound,1.0,10,True,17.4425,False,0.865584558017109,0.865584558017109
time_only,B10,lower_bound,1.0,20,True,17.4425,False,0.865584558017109,0.865584558017109
time_only,B10,point,2.0,5,True,15.293333333333331,False,0.6998025882869049,0.6998025882869049
time_only,B10,point,2.0,10,True,15.293333333333331,False,0.6998025882869049,0.6998025882869049
time_only,B10,point,2.0,20,True,15.293333333333331,False,0.6998025882869049,0.6998025882869049
time_only,B10,lower_bound,2.0,5,True,18.440555555555555,False,0.8654821963880968,0.8654821963880968
time_only,B10,lower_bound,2.0,10,True,18.440555555555555,False,0.8654821963880968,0.8654821963880968
time_only,B10,lower_bound,2.0,20,True,18.440555555555555,False,0.8654821963880968,0.8654821963880968
time_only,B11,point,0.5,5,True,3.640833333333332,False,0.35524207483741227,0.35524207483741227
time_only,B11,point,0.5,10,True,3.640833333333332,False,0.35524207483741227,0.35524207483741227
time_only,B11,point,0.5,20,True,3.640833333333332,False,0.35524207483741227,0.35524207483741227
time_only,B11,lower_bound,0.5,5,True,8.841388888888888,False,0.9434477991768513,0.9434477991768513
time_only,B11,lower_bound,0.5,10,True,8.841388888888888,False,0.9434477991768513,0.9434477991768513
time_only,B11,lower_bound,0.5,20,True,8.841388888888888,False,0.9434477991768513,0.9434477991768513
time_only,B11,point,1.0,5,True,4.139722222222221,False,0.3551164032800275,0.3551164032800275
time_only,B11,point,1.0,10,True,4.139722222222221,False,0.3551164032800275,0.3551164032800275
time_only,B11,point,1.0,20,True,4.139722222222221,False,0.3551164032800275,0.3551164032800275
time_only,B11,lower_bound,1.0,5,True,8.841388888888888,False,0.8868955983537026,0.8868955983537026
time_only,B11,lower_bound,1.0,10,True,8.841388888888888,False,0.8868955983537026,0.8868955983537026
time_only,B11,lower_bound,1.0,20,True,8.841388888888888,False,0.8868955983537026,0.8868955983537026
time_only,B11,point,2.0,5,True,5.143055555555555,False,0.3554934179521819,0.3554934179521819
time_only,B11,point,2.0,10,True,5.143055555555555,False,0.3554934179521819,0.3554934179521819
time_only,B11,point,2.0,20,True,5.143055555555555,False,0.3554934179521819,0.3554934179521819
time_only,B11,lower_bound,2.0,5,True,8.841388888888888,False,0.7737911967074051,0.7737911967074051
time_only,B11,lower_bound,2.0,10,True,8.841388888888888,False,0.7737911967074051,0.7737911967074051
time_only,B11,lower_bound,2.0,20,True,8.841388888888888,False,0.7737911967074051,0.7737911967074051
time_only,B12,point,0.5,5,False,0.0,True,0.0,5.0
time_only,B12,point,0.5,10,False,0.0,True,0.0,10.0
time_only,B12,point,0.5,20,False,0.0,True,0.0,20.0
time_only,B12,lower_bound,0.5,5,False,0.0,True,0.0,5.0
time_only,B12,lower_bound,0.5,10,False,0.0,True,0.0,10.0
time_only,B12,lower_bound,0.5,20,False,0.0,True,0.0,20.0
time_only,B12,point,1.0,5,False,0.0,True,0.0,5.0
time_only,B12,point,1.0,10,False,0.0,True,0.0,10.0
time_only,B12,point,1.0,20,False,0.0,True,0.0,20.0
time_only,B12,lower_bound,1.0,5,False,0.0,True,0.0,5.0
time_only,B12,lower_bound,1.0,10,False,0.0,True,0.0,10.0
time_only,B12,lower_bound,1.0,20,False,0.0,True,0.0,20.0
time_only,B12,point,2.0,5,False,0.0,True,0.0,5.0
time_only,B12,point,2.0,10,False,0.0,True,0.0,10.0
time_only,B12,point,2.0,20,False,0.0,True,0.0,20.0
time_only,B12,lower_bound,2.0,5,False,0.0,True,0.0,5.0
time_only,B12,lower_bound,2.0,10,False,0.0,True,0.0,10.0
time_only,B12,lower_bound,2.0,20,False,0.0,True,0.0,20.0
time_only,B17,point,0.5,5,True,8.08,False,0.46140579293552697,0.46140579293552697
time_only,B17,point,0.5,10,True,8.08,False,0.46140579293552697,0.46140579293552697
time_only,B17,point,0.5,20,True,8.08,False,0.46140579293552697,0.46140579293552697
time_only,B17,lower_bound,0.5,5,True,13.709722222222222,False,0.8040952976784295,0.8040952976784295
time_only,B17,lower_bound,0.5,10,True,13.709722222222222,False,0.8040952976784295,0.8040952976784295
time_only,B17,lower_bound,0.5,20,True,13.709722222222222,False,0.8040952976784295,0.8040952976784295
time_only,B17,point,1.0,5,True,8.582222222222223,False,0.4615410628836171,0.4615410628836171
time_only,B17,point,1.0,10,True,8.582222222222223,False,0.4615410628836171,0.4615410628836171
time_only,B17,point,1.0,20,True,8.582222222222223,False,0.4615410628836171,0.4615410628836171
time_only,B17,lower_bound,1.0,5,True,14.210277777777778,False,0.804129115165452,0.804129115165452
time_only,B17,lower_bound,1.0,10,True,14.210277777777778,False,0.804129115165452,0.804129115165452
time_only,B17,lower_bound,1.0,20,True,14.210277777777778,False,0.804129115165452,0.804129115165452
time_only,B17,point,2.0,5,True,9.585277777777778,False,0.4617270590622411,0.4617270590622411
time_only,B17,point,2.0,10,True,9.585277777777778,False,0.4617270590622411,0.4617270590622411
time_only,B17,point,2.0,20,True,9.585277777777778,False,0.4617270590622411,0.4617270590622411
time_only,B17,lower_bound,2.0,5,True,15.2075,False,0.8039600277303394,0.8039600277303394
time_only,B17,lower_bound,2.0,10,True,15.2075,False,0.8039600277303394,0.8039600277303394
time_only,B17,lower_bound,2.0,20,True,15.2075,False,0.8039600277303394,0.8039600277303394
always_action,B02,control,0.5,5,True,5.616944444444444,False,0.9109836308787894,0.9109836308787894
never_action,B02,control,0.5,5,False,0.0,True,0.0,5.0
always_action,B02,control,0.5,10,True,5.616944444444444,False,0.9109836308787894,0.9109836308787894
never_action,B02,control,0.5,10,False,0.0,True,0.0,10.0
always_action,B02,control,0.5,20,True,5.616944444444444,False,0.9109836308787894,0.9109836308787894
never_action,B02,control,0.5,20,False,0.0,True,0.0,20.0
always_action,B02,control,1.0,5,True,5.616944444444444,False,0.8219672617575787,0.8219672617575787
never_action,B02,control,1.0,5,False,0.0,True,0.0,5.0
always_action,B02,control,1.0,10,True,5.616944444444444,False,0.8219672617575787,0.8219672617575787
never_action,B02,control,1.0,10,False,0.0,True,0.0,10.0
always_action,B02,control,1.0,20,True,5.616944444444444,False,0.8219672617575787,0.8219672617575787
never_action,B02,control,1.0,20,False,0.0,True,0.0,20.0
always_action,B02,control,2.0,5,True,5.616944444444444,False,0.6439345235151575,0.6439345235151575
never_action,B02,control,2.0,5,False,0.0,True,0.0,5.0
always_action,B02,control,2.0,10,True,5.616944444444444,False,0.6439345235151575,0.6439345235151575
never_action,B02,control,2.0,10,False,0.0,True,0.0,10.0
always_action,B02,control,2.0,20,True,5.616944444444444,False,0.6439345235151575,0.6439345235151575
never_action,B02,control,2.0,20,False,0.0,True,0.0,20.0
always_action,B03,control,0.5,5,True,3.2158333333333333,False,0.8445193055195647,0.8445193055195647
never_action,B03,control,0.5,5,False,0.0,True,0.0,5.0
always_action,B03,control,0.5,10,True,3.2158333333333333,False,0.8445193055195647,0.8445193055195647
never_action,B03,control,0.5,10,False,0.0,True,0.0,10.0
always_action,B03,control,0.5,20,True,3.2158333333333333,False,0.8445193055195647,0.8445193055195647
never_action,B03,control,0.5,20,False,0.0,True,0.0,20.0
always_action,B03,control,1.0,5,True,3.2158333333333333,False,0.6890386110391293,0.6890386110391293
never_action,B03,control,1.0,5,False,0.0,True,0.0,5.0
always_action,B03,control,1.0,10,True,3.2158333333333333,False,0.6890386110391293,0.6890386110391293
never_action,B03,control,1.0,10,False,0.0,True,0.0,10.0
always_action,B03,control,1.0,20,True,3.2158333333333333,False,0.6890386110391293,0.6890386110391293
never_action,B03,control,1.0,20,False,0.0,True,0.0,20.0
always_action,B03,control,2.0,5,True,3.2158333333333333,False,0.3780772220782586,0.3780772220782586
never_action,B03,control,2.0,5,False,0.0,True,0.0,5.0
always_action,B03,control,2.0,10,True,3.2158333333333333,False,0.3780772220782586,0.3780772220782586
never_action,B03,control,2.0,10,False,0.0,True,0.0,10.0
always_action,B03,control,2.0,20,True,3.2158333333333333,False,0.3780772220782586,0.3780772220782586
never_action,B03,control,2.0,20,False,0.0,True,0.0,20.0
always_action,B04,control,0.5,5,True,5.696944444444444,False,0.9122336535179677,0.9122336535179677
never_action,B04,control,0.5,5,False,0.0,True,0.0,5.0
always_action,B04,control,0.5,10,True,5.696944444444444,False,0.9122336535179677,0.9122336535179677
never_action,B04,control,0.5,10,False,0.0,True,0.0,10.0
always_action,B04,control,0.5,20,True,5.696944444444444,False,0.9122336535179677,0.9122336535179677
never_action,B04,control,0.5,20,False,0.0,True,0.0,20.0
always_action,B04,control,1.0,5,True,5.696944444444444,False,0.8244673070359354,0.8244673070359354
never_action,B04,control,1.0,5,False,0.0,True,0.0,5.0
always_action,B04,control,1.0,10,True,5.696944444444444,False,0.8244673070359354,0.8244673070359354
never_action,B04,control,1.0,10,False,0.0,True,0.0,10.0
always_action,B04,control,1.0,20,True,5.696944444444444,False,0.8244673070359354,0.8244673070359354
never_action,B04,control,1.0,20,False,0.0,True,0.0,20.0
always_action,B04,control,2.0,5,True,5.696944444444444,False,0.6489346140718709,0.6489346140718709
never_action,B04,control,2.0,5,False,0.0,True,0.0,5.0
always_action,B04,control,2.0,10,True,5.696944444444444,False,0.6489346140718709,0.6489346140718709
never_action,B04,control,2.0,10,False,0.0,True,0.0,10.0
always_action,B04,control,2.0,20,True,5.696944444444444,False,0.6489346140718709,0.6489346140718709
never_action,B04,control,2.0,20,False,0.0,True,0.0,20.0
always_action,B08,control,0.5,5,True,10.624444444444444,False,0.9529387157498431,0.9529387157498431
never_action,B08,control,0.5,5,False,0.0,True,0.0,5.0
always_action,B08,control,0.5,10,True,10.624444444444444,False,0.9529387157498431,0.9529387157498431
never_action,B08,control,0.5,10,False,0.0,True,0.0,10.0
always_action,B08,control,0.5,20,True,10.624444444444444,False,0.9529387157498431,0.9529387157498431
never_action,B08,control,0.5,20,False,0.0,True,0.0,20.0
always_action,B08,control,1.0,5,True,10.624444444444444,False,0.9058774314996862,0.9058774314996862
never_action,B08,control,1.0,5,False,0.0,True,0.0,5.0
always_action,B08,control,1.0,10,True,10.624444444444444,False,0.9058774314996862,0.9058774314996862
never_action,B08,control,1.0,10,False,0.0,True,0.0,10.0
always_action,B08,control,1.0,20,True,10.624444444444444,False,0.9058774314996862,0.9058774314996862
never_action,B08,control,1.0,20,False,0.0,True,0.0,20.0
always_action,B08,control,2.0,5,True,10.624444444444444,False,0.8117548629993725,0.8117548629993725
never_action,B08,control,2.0,5,False,0.0,True,0.0,5.0
always_action,B08,control,2.0,10,True,10.624444444444444,False,0.8117548629993725,0.8117548629993725
never_action,B08,control,2.0,10,False,0.0,True,0.0,10.0
always_action,B08,control,2.0,20,True,10.624444444444444,False,0.8117548629993725,0.8117548629993725
never_action,B08,control,2.0,20,False,0.0,True,0.0,20.0
always_action,B10,control,0.5,5,True,18.995833333333334,False,0.973678438254003,0.973678438254003
never_action,B10,control,0.5,5,False,0.0,True,0.0,5.0
always_action,B10,control,0.5,10,True,18.995833333333334,False,0.973678438254003,0.973678438254003
never_action,B10,control,0.5,10,False,0.0,True,0.0,10.0
always_action,B10,control,0.5,20,True,18.995833333333334,False,0.973678438254003,0.973678438254003
never_action,B10,control,0.5,20,False,0.0,True,0.0,20.0
always_action,B10,control,1.0,5,True,18.995833333333334,False,0.9473568765080062,0.9473568765080062
never_action,B10,control,1.0,5,False,0.0,True,0.0,5.0
always_action,B10,control,1.0,10,True,18.995833333333334,False,0.9473568765080062,0.9473568765080062
never_action,B10,control,1.0,10,False,0.0,True,0.0,10.0
always_action,B10,control,1.0,20,True,18.995833333333334,False,0.9473568765080062,0.9473568765080062
never_action,B10,control,1.0,20,False,0.0,True,0.0,20.0
always_action,B10,control,2.0,5,True,18.995833333333334,False,0.8947137530160123,0.8947137530160123
never_action,B10,control,2.0,5,False,0.0,True,0.0,5.0
always_action,B10,control,2.0,10,True,18.995833333333334,False,0.8947137530160123,0.8947137530160123
never_action,B10,control,2.0,10,False,0.0,True,0.0,10.0
always_action,B10,control,2.0,20,True,18.995833333333334,False,0.8947137530160123,0.8947137530160123
never_action,B10,control,2.0,20,False,0.0,True,0.0,20.0
always_action,B11,control,0.5,5,True,8.841388888888888,False,0.9434477991768513,0.9434477991768513
never_action,B11,control,0.5,5,False,0.0,True,0.0,5.0
always_action,B11,control,0.5,10,True,8.841388888888888,False,0.9434477991768513,0.9434477991768513
never_action,B11,control,0.5,10,False,0.0,True,0.0,10.0
always_action,B11,control,0.5,20,True,8.841388888888888,False,0.9434477991768513,0.9434477991768513
never_action,B11,control,0.5,20,False,0.0,True,0.0,20.0
always_action,B11,control,1.0,5,True,8.841388888888888,False,0.8868955983537026,0.8868955983537026
never_action,B11,control,1.0,5,False,0.0,True,0.0,5.0
always_action,B11,control,1.0,10,True,8.841388888888888,False,0.8868955983537026,0.8868955983537026
never_action,B11,control,1.0,10,False,0.0,True,0.0,10.0
always_action,B11,control,1.0,20,True,8.841388888888888,False,0.8868955983537026,0.8868955983537026
never_action,B11,control,1.0,20,False,0.0,True,0.0,20.0
always_action,B11,control,2.0,5,True,8.841388888888888,False,0.7737911967074051,0.7737911967074051
never_action,B11,control,2.0,5,False,0.0,True,0.0,5.0
always_action,B11,control,2.0,10,True,8.841388888888888,False,0.7737911967074051,0.7737911967074051
never_action,B11,control,2.0,10,False,0.0,True,0.0,10.0
always_action,B11,control,2.0,20,True,8.841388888888888,False,0.7737911967074051,0.7737911967074051
never_action,B11,control,2.0,20,False,0.0,True,0.0,20.0
always_action,B12,control,0.5,5,True,2.55,False,0.803921568627451,0.803921568627451
never_action,B12,control,0.5,5,False,0.0,True,0.0,5.0
always_action,B12,control,0.5,10,True,2.55,False,0.803921568627451,0.803921568627451
never_action,B12,control,0.5,10,False,0.0,True,0.0,10.0
always_action,B12,control,0.5,20,True,2.55,False,0.803921568627451,0.803921568627451
never_action,B12,control,0.5,20,False,0.0,True,0.0,20.0
always_action,B12,control,1.0,5,True,2.55,False,0.6078431372549019,0.6078431372549019
never_action,B12,control,1.0,5,False,0.0,True,0.0,5.0
always_action,B12,control,1.0,10,True,2.55,False,0.6078431372549019,0.6078431372549019
never_action,B12,control,1.0,10,False,0.0,True,0.0,10.0
always_action,B12,control,1.0,20,True,2.55,False,0.6078431372549019,0.6078431372549019
never_action,B12,control,1.0,20,False,0.0,True,0.0,20.0
always_action,B12,control,2.0,5,True,2.55,False,0.21568627450980388,0.21568627450980388
never_action,B12,control,2.0,5,False,0.0,True,0.0,5.0
always_action,B12,control,2.0,10,True,2.55,False,0.21568627450980388,0.21568627450980388
never_action,B12,control,2.0,10,False,0.0,True,0.0,10.0
always_action,B12,control,2.0,20,True,2.55,False,0.21568627450980388,0.21568627450980388
never_action,B12,control,2.0,20,False,0.0,True,0.0,20.0
always_action,B17,control,0.5,5,True,16.428055555555556,False,0.9695642616797145,0.9695642616797145
never_action,B17,control,0.5,5,False,0.0,True,0.0,5.0
always_action,B17,control,0.5,10,True,16.428055555555556,False,0.9695642616797145,0.9695642616797145
never_action,B17,control,0.5,10,False,0.0,True,0.0,10.0
always_action,B17,control,0.5,20,True,16.428055555555556,False,0.9695642616797145,0.9695642616797145
never_action,B17,control,0.5,20,False,0.0,True,0.0,20.0
always_action,B17,control,1.0,5,True,16.428055555555556,False,0.9391285233594292,0.9391285233594292
never_action,B17,control,1.0,5,False,0.0,True,0.0,5.0
always_action,B17,control,1.0,10,True,16.428055555555556,False,0.9391285233594292,0.9391285233594292
never_action,B17,control,1.0,10,False,0.0,True,0.0,10.0
always_action,B17,control,1.0,20,True,16.428055555555556,False,0.9391285233594292,0.9391285233594292
never_action,B17,control,1.0,20,False,0.0,True,0.0,20.0
always_action,B17,control,2.0,5,True,16.428055555555556,False,0.8782570467188583,0.8782570467188583
never_action,B17,control,2.0,5,False,0.0,True,0.0,5.0
always_action,B17,control,2.0,10,True,16.428055555555556,False,0.8782570467188583,0.8782570467188583
never_action,B17,control,2.0,10,False,0.0,True,0.0,10.0
always_action,B17,control,2.0,20,True,16.428055555555556,False,0.8782570467188583,0.8782570467188583
never_action,B17,control,2.0,20,False,0.0,True,0.0,20.0
