model,bearing_id,policy,required_lead_hours,failure_cost_ratio,action,actual_lead_hours,too_late,unused_life_fraction,loss
attention,B02,point,0.5,5,True,0.9883333333333332,False,0.08693932050838235,0.08693932050838235
attention,B02,point,0.5,10,True,0.9883333333333332,False,0.08693932050838235,0.08693932050838235
attention,B02,point,0.5,20,True,0.9883333333333332,False,0.08693932050838235,0.08693932050838235
attention,B02,lower_bound,0.5,5,True,2.676944444444444,False,0.38756738044607086,0.38756738044607086
attention,B02,lower_bound,0.5,10,True,2.676944444444444,False,0.38756738044607086,0.38756738044607086
attention,B02,lower_bound,0.5,20,True,2.676944444444444,False,0.38756738044607086,0.38756738044607086
attention,B02,point,1.0,5,True,1.1877777777777778,False,0.033430591958854665,0.033430591958854665
attention,B02,point,1.0,10,True,1.1877777777777778,False,0.033430591958854665,0.033430591958854665
attention,B02,point,1.0,20,True,1.1877777777777778,False,0.033430591958854665,0.033430591958854665
attention,B02,lower_bound,1.0,5,True,4.535,False,0.6293457296869591,0.6293457296869591
attention,B02,lower_bound,1.0,10,True,4.535,False,0.6293457296869591,0.6293457296869591
attention,B02,lower_bound,1.0,20,True,4.535,False,0.6293457296869591,0.6293457296869591
attention,B02,point,2.0,5,True,1.2675,True,0.0,5.0
attention,B02,point,2.0,10,True,1.2675,True,0.0,10.0
attention,B02,point,2.0,20,True,1.2675,True,0.0,20.0
attention,B02,lower_bound,2.0,5,True,5.028611111111111,False,0.539191929182533,0.539191929182533
attention,B02,lower_bound,2.0,10,True,5.028611111111111,False,0.539191929182533,0.539191929182533
attention,B02,lower_bound,2.0,20,True,5.028611111111111,False,0.539191929182533,0.539191929182533
attention,B03,point,0.5,5,False,0.0,True,0.0,5.0
attention,B03,point,0.5,10,False,0.0,True,0.0,10.0
attention,B03,point,0.5,20,False,0.0,True,0.0,20.0
attention,B03,lower_bound,0.5,5,True,1.53,False,0.3202902306296968,0.3202902306296968
attention,B03,lower_bound,0.5,10,True,1.53,False,0.3202902306296968,0.3202902306296968
attention,B03,lower_bound,0.5,20,True,1.53,False,0.3202902306296968,0.3202902306296968
attention,B03,point,1.0,5,True,0.2275,True,0.0,5.0
attention,B03,point,1.0,10,True,0.2275,True,0.0,10.0
attention,B03,point,1.0,20,True,0.2275,True,0.0,20.0
attention,B03,lower_bound,1.0,5,True,1.6030555555555557,False,0.18752699317612512,0.18752699317612512
attention,B03,lower_bound,1.0,10,True,1.6030555555555557,False,0.18752699317612512,0.18752699317612512
attention,B03,lower_bound,1.0,20,True,1.6030555555555557,False,0.18752699317612512,0.18752699317612512
attention,B03,point,2.0,5,True,0.3502777777777779,True,0.0,5.0
attention,B03,point,2.0,10,True,0.3502777777777779,True,0.0,10.0
attention,B03,point,2.0,20,True,0.3502777777777779,True,0.0,20.0
attention,B03,lower_bound,2.0,5,True,3.1791666666666667,False,0.3666753044830267,0.3666753044830267
attention,B03,lower_bound,2.0,10,True,3.1791666666666667,False,0.3666753044830267,0.3666753044830267
attention,B03,lower_bound,2.0,20,True,3.1791666666666667,False,0.3666753044830267,0.3666753044830267
attention,B04,point,0.5,5,True,5.693333333333333,False,0.911599785460042,0.911599785460042
attention,B04,point,0.5,10,True,5.693333333333333,False,0.911599785460042,0.911599785460042
attention,B04,point,0.5,20,True,5.693333333333333,False,0.911599785460042,0.911599785460042
attention,B04,lower_bound,0.5,5,True,5.696944444444444,False,0.9122336535179677,0.9122336535179677
attention,B04,lower_bound,0.5,10,True,5.696944444444444,False,0.9122336535179677,0.9122336535179677
attention,B04,lower_bound,0.5,20,True,5.696944444444444,False,0.9122336535179677,0.9122336535179677
attention,B04,point,1.0,5,True,5.696944444444444,False,0.8244673070359354,0.8244673070359354
attention,B04,point,1.0,10,True,5.696944444444444,False,0.8244673070359354,0.8244673070359354
attention,B04,point,1.0,20,True,5.696944444444444,False,0.8244673070359354,0.8244673070359354
attention,B04,lower_bound,1.0,5,True,5.696944444444444,False,0.8244673070359354,0.8244673070359354
attention,B04,lower_bound,1.0,10,True,5.696944444444444,False,0.8244673070359354,0.8244673070359354
attention,B04,lower_bound,1.0,20,True,5.696944444444444,False,0.8244673070359354,0.8244673070359354
attention,B04,point,2.0,5,True,5.696944444444444,False,0.6489346140718709,0.6489346140718709
attention,B04,point,2.0,10,True,5.696944444444444,False,0.6489346140718709,0.6489346140718709
attention,B04,point,2.0,20,True,5.696944444444444,False,0.6489346140718709,0.6489346140718709
attention,B04,lower_bound,2.0,5,True,5.696944444444444,False,0.6489346140718709,0.6489346140718709
attention,B04,lower_bound,2.0,10,True,5.696944444444444,False,0.6489346140718709,0.6489346140718709
attention,B04,lower_bound,2.0,20,True,5.696944444444444,False,0.6489346140718709,0.6489346140718709
attention,B08,point,0.5,5,True,1.3691666666666666,False,0.08180819912152269,0.08180819912152269
attention,B08,point,0.5,10,True,1.3691666666666666,False,0.08180819912152269,0.08180819912152269
attention,B08,point,0.5,20,True,1.3691666666666666,False,0.08180819912152269,0.08180819912152269
attention,B08,lower_bound,0.5,5,True,10.34,False,0.9261660740430873,0.9261660740430873
attention,B08,lower_bound,0.5,10,True,10.34,False,0.9261660740430873,0.9261660740430873
attention,B08,lower_bound,0.5,20,True,10.34,False,0.9261660740430873,0.9261660740430873
attention,B08,point,1.0,5,True,1.5166666666666655,False,0.04862999372516199,0.04862999372516199
attention,B08,point,1.0,10,True,1.5166666666666655,False,0.04862999372516199,0.04862999372516199
attention,B08,point,1.0,20,True,1.5166666666666655,False,0.04862999372516199,0.04862999372516199
attention,B08,lower_bound,1.0,5,True,10.577222222222222,False,0.9014327546538381,0.9014327546538381
attention,B08,lower_bound,1.0,10,True,10.577222222222222,False,0.9014327546538381,0.9014327546538381
attention,B08,lower_bound,1.0,20,True,10.577222222222222,False,0.9014327546538381,0.9014327546538381
attention,B08,point,2.0,5,True,8.04138888888889,False,0.5686310395314788,0.5686310395314788
attention,B08,point,2.0,10,True,8.04138888888889,False,0.5686310395314788,0.5686310395314788
attention,B08,point,2.0,20,True,8.04138888888889,False,0.5686310395314788,0.5686310395314788
attention,B08,lower_bound,2.0,5,True,10.624444444444444,False,0.8117548629993725,0.8117548629993725
attention,B08,lower_bound,2.0,10,True,10.624444444444444,False,0.8117548629993725,0.8117548629993725
attention,B08,lower_bound,2.0,20,True,10.624444444444444,False,0.8117548629993725,0.8117548629993725
attention,B10,point,0.5,5,True,1.5616666666666674,False,0.05588944944066685,0.05588944944066685
attention,B10,point,0.5,10,True,1.5616666666666674,False,0.05588944944066685,0.05588944944066685
attention,B10,point,0.5,20,True,1.5616666666666674,False,0.05588944944066685,0.05588944944066685
attention,B10,lower_bound,0.5,5,True,18.976388888888888,False,0.9726548219638809,0.9726548219638809
attention,B10,lower_bound,0.5,10,True,18.976388888888888,False,0.9726548219638809,0.9726548219638809
attention,B10,lower_bound,0.5,20,True,18.976388888888888,False,0.9726548219638809,0.9726548219638809
attention,B10,point,1.0,5,True,2.7427777777777784,False,0.09174526577465822,0.09174526577465822
attention,B10,point,1.0,10,True,2.7427777777777784,False,0.09174526577465822,0.09174526577465822
attention,B10,point,1.0,20,True,2.7427777777777784,False,0.09174526577465822,0.09174526577465822
attention,B10,lower_bound,1.0,5,True,18.982777777777777,False,0.9466695912846383,0.9466695912846383
attention,B10,lower_bound,1.0,10,True,18.982777777777777,False,0.9466695912846383,0.9466695912846383
attention,B10,lower_bound,1.0,20,True,18.982777777777777,False,0.9466695912846383,0.9466695912846383
attention,B10,point,2.0,5,True,2.9111111111111114,False,0.047963734737149974,0.047963734737149974
attention,B10,point,2.0,10,True,2.9111111111111114,False,0.047963734737149974,0.047963734737149974
attention,B10,point,2.0,20,True,2.9111111111111114,False,0.047963734737149974,0.047963734737149974
attention,B10,lower_bound,2.0,5,True,18.995833333333334,False,0.8947137530160123,0.8947137530160123
attention,B10,lower_bound,2.0,10,True,18.995833333333334,False,0.8947137530160123,0.8947137530160123
attention,B10,lower_bound,2.0,20,True,18.995833333333334,False,0.8947137530160123,0.8947137530160123
attention,B11,point,0.5,5,True,0.3455555555555545,True,0.0,5.0
attention,B11,point,0.5,10,True,0.3455555555555545,True,0.0,10.0
attention,B11,point,0.5,20,True,0.3455555555555545,True,0.0,20.0
attention,B11,lower_bound,0.5,5,True,5.639444444444443,False,0.5812937886832762,0.5812937886832762
attention,B11,lower_bound,0.5,10,True,5.639444444444443,False,0.5812937886832762,0.5812937886832762
attention,B11,lower_bound,0.5,20,True,5.639444444444443,False,0.5812937886832762,0.5812937886832762
attention,B11,point,1.0,5,True,0.62361111111111,True,0.0,5.0
attention,B11,point,1.0,10,True,0.62361111111111,True,0.0,10.0
attention,B11,point,1.0,20,True,0.62361111111111,True,0.0,20.0
attention,B11,lower_bound,1.0,5,True,5.639444444444443,False,0.5247415878601275,0.5247415878601275
attention,B11,lower_bound,1.0,10,True,5.639444444444443,False,0.5247415878601275,0.5247415878601275
attention,B11,lower_bound,1.0,20,True,5.639444444444443,False,0.5247415878601275,0.5247415878601275
attention,B11,point,2.0,5,True,5.168888888888889,False,0.358415281661378,0.358415281661378
attention,B11,point,2.0,10,True,5.168888888888889,False,0.358415281661378,0.358415281661378
attention,B11,point,2.0,20,True,5.168888888888889,False,0.358415281661378,0.358415281661378
attention,B11,lower_bound,2.0,5,True,5.639444444444443,False,0.41163718621383005,0.41163718621383005
attention,B11,lower_bound,2.0,10,True,5.639444444444443,False,0.41163718621383005,0.41163718621383005
attention,B11,lower_bound,2.0,20,True,5.639444444444443,False,0.41163718621383005,0.41163718621383005
attention,B12,point,0.5,5,True,0.859722222222222,False,0.1410675381263616,0.1410675381263616
attention,B12,point,0.5,10,True,0.859722222222222,False,0.1410675381263616,0.1410675381263616
attention,B12,point,0.5,20,True,0.859722222222222,False,0.1410675381263616,0.1410675381263616
attention,B12,lower_bound,0.5,5,True,2.349722222222222,False,0.7253812636165576,0.7253812636165576
attention,B12,lower_bound,0.5,10,True,2.349722222222222,False,0.7253812636165576,0.7253812636165576
attention,B12,lower_bound,0.5,20,True,2.349722222222222,False,0.7253812636165576,0.7253812636165576
attention,B12,point,1.0,5,True,2.113611111111111,False,0.43671023965141614,0.43671023965141614
attention,B12,point,1.0,10,True,2.113611111111111,False,0.43671023965141614,0.43671023965141614
attention,B12,point,1.0,20,True,2.113611111111111,False,0.43671023965141614,0.43671023965141614
attention,B12,lower_bound,1.0,5,True,2.349722222222222,False,0.5293028322440086,0.5293028322440086
attention,B12,lower_bound,1.0,10,True,2.349722222222222,False,0.5293028322440086,0.5293028322440086
attention,B12,lower_bound,1.0,20,True,2.349722222222222,False,0.5293028322440086,0.5293028322440086
attention,B12,point,2.0,5,True,2.349722222222222,False,0.13714596949891053,0.13714596949891053
attention,B12,point,2.0,10,True,2.349722222222222,False,0.13714596949891053,0.13714596949891053
attention,B12,point,2.0,20,True,2.349722222222222,False,0.13714596949891053,0.13714596949891053
attention,B12,lower_bound,2.0,5,True,2.349722222222222,False,0.13714596949891053,0.13714596949891053
attention,B12,lower_bound,2.0,10,True,2.349722222222222,False,0.13714596949891053,0.13714596949891053
attention,B12,lower_bound,2.0,20,True,2.349722222222222,False,0.13714596949891053,0.13714596949891053
attention,B17,point,0.5,5,False,0.0,True,0.0,5.0
attention,B17,point,0.5,10,False,0.0,True,0.0,10.0
attention,B17,point,0.5,20,False,0.0,True,0.0,20.0
attention,B17,lower_bound,0.5,5,True,9.606666666666667,False,0.5543362472734651,0.5543362472734651
attention,B17,lower_bound,0.5,10,True,9.606666666666667,False,0.5543362472734651,0.5543362472734651
attention,B17,lower_bound,0.5,20,True,9.606666666666667,False,0.5543362472734651,0.5543362472734651
attention,B17,point,1.0,5,True,0.6513888888888886,True,0.0,5.0
attention,B17,point,1.0,10,True,0.6513888888888886,True,0.0,10.0
attention,B17,point,1.0,20,True,0.6513888888888886,True,0.0,20.0
attention,B17,lower_bound,1.0,5,True,11.305,False,0.6272805667810825,0.6272805667810825
attention,B17,lower_bound,1.0,10,True,11.305,False,0.6272805667810825,0.6272805667810825
attention,B17,lower_bound,1.0,20,True,11.305,False,0.6272805667810825,0.6272805667810825
attention,B17,point,2.0,5,True,3.8575,False,0.11306876785986032,0.11306876785986032
attention,B17,point,2.0,10,True,3.8575,False,0.11306876785986032,0.11306876785986032
attention,B17,point,2.0,20,True,3.8575,False,0.11306876785986032,0.11306876785986032
attention,B17,lower_bound,2.0,5,True,14.12527777777778,False,0.7380835630104329,0.7380835630104329
attention,B17,lower_bound,2.0,10,True,14.12527777777778,False,0.7380835630104329,0.7380835630104329
attention,B17,lower_bound,2.0,20,True,14.12527777777778,False,0.7380835630104329,0.7380835630104329
context_only,B02,point,0.5,5,False,0.0,True,0.0,5.0
context_only,B02,point,0.5,10,False,0.0,True,0.0,10.0
context_only,B02,point,0.5,20,False,0.0,True,0.0,20.0
context_only,B02,lower_bound,0.5,5,True,5.447777777777778,False,0.8808664259927799,0.8808664259927799
context_only,B02,lower_bound,0.5,10,True,5.447777777777778,False,0.8808664259927799,0.8808664259927799
context_only,B02,lower_bound,0.5,20,True,5.447777777777778,False,0.8808664259927799,0.8808664259927799
context_only,B02,point,1.0,5,False,0.0,True,0.0,5.0
context_only,B02,point,1.0,10,False,0.0,True,0.0,10.0
context_only,B02,point,1.0,20,False,0.0,True,0.0,20.0
context_only,B02,lower_bound,1.0,5,True,5.447777777777778,False,0.7918500568715692,0.7918500568715692
context_only,B02,lower_bound,1.0,10,True,5.447777777777778,False,0.7918500568715692,0.7918500568715692
context_only,B02,lower_bound,1.0,20,True,5.447777777777778,False,0.7918500568715692,0.7918500568715692
context_only,B02,point,2.0,5,False,0.0,True,0.0,5.0
context_only,B02,point,2.0,10,False,0.0,True,0.0,10.0
context_only,B02,point,2.0,20,False,0.0,True,0.0,20.0
context_only,B02,lower_bound,2.0,5,True,5.447777777777778,False,0.6138173186291479,0.6138173186291479
context_only,B02,lower_bound,2.0,10,True,5.447777777777778,False,0.6138173186291479,0.6138173186291479
context_only,B02,lower_bound,2.0,20,True,5.447777777777778,False,0.6138173186291479,0.6138173186291479
context_only,B03,point,0.5,5,False,0.0,True,0.0,5.0
context_only,B03,point,0.5,10,False,0.0,True,0.0,10.0
context_only,B03,point,0.5,20,False,0.0,True,0.0,20.0
context_only,B03,lower_bound,0.5,5,True,3.2158333333333333,False,0.8445193055195647,0.8445193055195647
context_only,B03,lower_bound,0.5,10,True,3.2158333333333333,False,0.8445193055195647,0.8445193055195647
context_only,B03,lower_bound,0.5,20,True,3.2158333333333333,False,0.8445193055195647,0.8445193055195647
context_only,B03,point,1.0,5,False,0.0,True,0.0,5.0
context_only,B03,point,1.0,10,False,0.0,True,0.0,10.0
context_only,B03,point,1.0,20,False,0.0,True,0.0,20.0
context_only,B03,lower_bound,1.0,5,True,3.2158333333333333,False,0.6890386110391293,0.6890386110391293
context_only,B03,lower_bound,1.0,10,True,3.2158333333333333,False,0.6890386110391293,0.6890386110391293
context_only,B03,lower_bound,1.0,20,True,3.2158333333333333,False,0.6890386110391293,0.6890386110391293
context_only,B03,point,2.0,5,False,0.0,True,0.0,5.0
context_only,B03,point,2.0,10,False,0.0,True,0.0,10.0
context_only,B03,point,2.0,20,False,0.0,True,0.0,20.0
context_only,B03,lower_bound,2.0,5,True,3.2158333333333333,False,0.3780772220782586,0.3780772220782586
context_only,B03,lower_bound,2.0,10,True,3.2158333333333333,False,0.3780772220782586,0.3780772220782586
context_only,B03,lower_bound,2.0,20,True,3.2158333333333333,False,0.3780772220782586,0.3780772220782586
context_only,B04,point,0.5,5,True,0.1047222222222217,True,0.0,5.0
context_only,B04,point,0.5,10,True,0.1047222222222217,True,0.0,10.0
context_only,B04,point,0.5,20,True,0.1047222222222217,True,0.0,20.0
context_only,B04,lower_bound,0.5,5,True,5.696944444444444,False,0.9122336535179677,0.9122336535179677
context_only,B04,lower_bound,0.5,10,True,5.696944444444444,False,0.9122336535179677,0.9122336535179677
context_only,B04,lower_bound,0.5,20,True,5.696944444444444,False,0.9122336535179677,0.9122336535179677
context_only,B04,point,1.0,5,True,4.0525,False,0.5358135452728071,0.5358135452728071
context_only,B04,point,1.0,10,True,4.0525,False,0.5358135452728071,0.5358135452728071
context_only,B04,point,1.0,20,True,4.0525,False,0.5358135452728071,0.5358135452728071
context_only,B04,lower_bound,1.0,5,True,5.696944444444444,False,0.8244673070359354,0.8244673070359354
context_only,B04,lower_bound,1.0,10,True,5.696944444444444,False,0.8244673070359354,0.8244673070359354
context_only,B04,lower_bound,1.0,20,True,5.696944444444444,False,0.8244673070359354,0.8244673070359354
context_only,B04,point,2.0,5,True,5.011111111111111,False,0.52854844214735,0.52854844214735
context_only,B04,point,2.0,10,True,5.011111111111111,False,0.52854844214735,0.52854844214735
context_only,B04,point,2.0,20,True,5.011111111111111,False,0.52854844214735,0.52854844214735
context_only,B04,lower_bound,2.0,5,True,5.696944444444444,False,0.6489346140718709,0.6489346140718709
context_only,B04,lower_bound,2.0,10,True,5.696944444444444,False,0.6489346140718709,0.6489346140718709
context_only,B04,lower_bound,2.0,20,True,5.696944444444444,False,0.6489346140718709,0.6489346140718709
context_only,B08,point,0.5,5,True,8.0975,False,0.7150962141811337,0.7150962141811337
context_only,B08,point,0.5,10,True,8.0975,False,0.7150962141811337,0.7150962141811337
context_only,B08,point,0.5,20,True,8.0975,False,0.7150962141811337,0.7150962141811337
context_only,B08,lower_bound,0.5,5,True,10.624444444444444,False,0.9529387157498431,0.9529387157498431
context_only,B08,lower_bound,0.5,10,True,10.624444444444444,False,0.9529387157498431,0.9529387157498431
context_only,B08,lower_bound,0.5,20,True,10.624444444444444,False,0.9529387157498431,0.9529387157498431
context_only,B08,point,1.0,5,True,8.0975,False,0.6680349299309768,0.6680349299309768
context_only,B08,point,1.0,10,True,8.0975,False,0.6680349299309768,0.6680349299309768
context_only,B08,point,1.0,20,True,8.0975,False,0.6680349299309768,0.6680349299309768
context_only,B08,lower_bound,1.0,5,True,10.624444444444444,False,0.9058774314996862,0.9058774314996862
context_only,B08,lower_bound,1.0,10,True,10.624444444444444,False,0.9058774314996862,0.9058774314996862
context_only,B08,lower_bound,1.0,20,True,10.624444444444444,False,0.9058774314996862,0.9058774314996862
context_only,B08,point,2.0,5,True,9.588611111111112,False,0.7142595691277975,0.7142595691277975
context_only,B08,point,2.0,10,True,9.588611111111112,False,0.7142595691277975,0.7142595691277975
context_only,B08,point,2.0,20,True,9.588611111111112,False,0.7142595691277975,0.7142595691277975
context_only,B08,lower_bound,2.0,5,True,10.624444444444444,False,0.8117548629993725,0.8117548629993725
context_only,B08,lower_bound,2.0,10,True,10.624444444444444,False,0.8117548629993725,0.8117548629993725
context_only,B08,lower_bound,2.0,20,True,10.624444444444444,False,0.8117548629993725,0.8117548629993725
context_only,B10,point,0.5,5,True,3.4377777777777787,False,0.15465379834759088,0.15465379834759088
context_only,B10,point,0.5,10,True,3.4377777777777787,False,0.15465379834759088,0.15465379834759088
context_only,B10,point,0.5,20,True,3.4377777777777787,False,0.15465379834759088,0.15465379834759088
context_only,B10,lower_bound,0.5,5,True,18.995833333333334,False,0.973678438254003,0.973678438254003
context_only,B10,lower_bound,0.5,10,True,18.995833333333334,False,0.973678438254003,0.973678438254003
context_only,B10,lower_bound,0.5,20,True,18.995833333333334,False,0.973678438254003,0.973678438254003
context_only,B10,point,1.0,5,True,4.18888888888889,False,0.1678730715800249,0.1678730715800249
context_only,B10,point,1.0,10,True,4.18888888888889,False,0.1678730715800249,0.1678730715800249
context_only,B10,point,1.0,20,True,4.18888888888889,False,0.1678730715800249,0.1678730715800249
context_only,B10,lower_bound,1.0,5,True,18.995833333333334,False,0.9473568765080062,0.9473568765080062
context_only,B10,lower_bound,1.0,10,True,18.995833333333334,False,0.9473568765080062,0.9473568765080062
context_only,B10,lower_bound,1.0,20,True,18.995833333333334,False,0.9473568765080062,0.9473568765080062
context_only,B10,point,2.0,5,True,9.629166666666666,False,0.4016231629743365,0.4016231629743365
context_only,B10,point,2.0,10,True,9.629166666666666,False,0.4016231629743365,0.4016231629743365
context_only,B10,point,2.0,20,True,9.629166666666666,False,0.4016231629743365,0.4016231629743365
context_only,B10,lower_bound,2.0,5,True,18.995833333333334,False,0.8947137530160123,0.8947137530160123
context_only,B10,lower_bound,2.0,10,True,18.995833333333334,False,0.8947137530160123,0.8947137530160123
context_only,B10,lower_bound,2.0,20,True,18.995833333333334,False,0.8947137530160123,0.8947137530160123
context_only,B11,point,0.5,5,False,0.0,True,0.0,5.0
context_only,B11,point,0.5,10,False,0.0,True,0.0,10.0
context_only,B11,point,0.5,20,False,0.0,True,0.0,20.0
context_only,B11,lower_bound,0.5,5,True,2.20861111111111,False,0.19325143736843747,0.19325143736843747
context_only,B11,lower_bound,0.5,10,True,2.20861111111111,False,0.19325143736843747,0.19325143736843747
context_only,B11,lower_bound,0.5,20,True,2.20861111111111,False,0.19325143736843747,0.19325143736843747
context_only,B11,point,1.0,5,False,0.0,True,0.0,5.0
context_only,B11,point,1.0,10,False,0.0,True,0.0,10.0
context_only,B11,point,1.0,20,False,0.0,True,0.0,20.0
context_only,B11,lower_bound,1.0,5,True,2.20861111111111,False,0.13669923654528876,0.13669923654528876
context_only,B11,lower_bound,1.0,10,True,2.20861111111111,False,0.13669923654528876,0.13669923654528876
context_only,B11,lower_bound,1.0,20,True,2.20861111111111,False,0.13669923654528876,0.13669923654528876
context_only,B11,point,2.0,5,False,0.0,True,0.0,5.0
context_only,B11,point,2.0,10,False,0.0,True,0.0,10.0
context_only,B11,point,2.0,20,False,0.0,True,0.0,20.0
context_only,B11,lower_bound,2.0,5,True,3.4333333333333327,False,0.16211630902635954,0.16211630902635954
context_only,B11,lower_bound,2.0,10,True,3.4333333333333327,False,0.16211630902635954,0.16211630902635954
context_only,B11,lower_bound,2.0,20,True,3.4333333333333327,False,0.16211630902635954,0.16211630902635954
context_only,B12,point,0.5,5,False,0.0,True,0.0,5.0
context_only,B12,point,0.5,10,False,0.0,True,0.0,10.0
context_only,B12,point,0.5,20,False,0.0,True,0.0,20.0
context_only,B12,lower_bound,0.5,5,True,0.693611111111111,False,0.07592592592592587,0.07592592592592587
context_only,B12,lower_bound,0.5,10,True,0.693611111111111,False,0.07592592592592587,0.07592592592592587
context_only,B12,lower_bound,0.5,20,True,0.693611111111111,False,0.07592592592592587,0.07592592592592587
context_only,B12,point,1.0,5,False,0.0,True,0.0,5.0
context_only,B12,point,1.0,10,False,0.0,True,0.0,10.0
context_only,B12,point,1.0,20,False,0.0,True,0.0,20.0
context_only,B12,lower_bound,1.0,5,True,0.693611111111111,True,0.0,5.0
context_only,B12,lower_bound,1.0,10,True,0.693611111111111,True,0.0,10.0
context_only,B12,lower_bound,1.0,20,True,0.693611111111111,True,0.0,20.0
context_only,B12,point,2.0,5,False,0.0,True,0.0,5.0
context_only,B12,point,2.0,10,False,0.0,True,0.0,10.0
context_only,B12,point,2.0,20,False,0.0,True,0.0,20.0
context_only,B12,lower_bound,2.0,5,True,1.4716666666666665,True,0.0,5.0
context_only,B12,lower_bound,2.0,10,True,1.4716666666666665,True,0.0,10.0
context_only,B12,lower_bound,2.0,20,True,1.4716666666666665,True,0.0,20.0
context_only,B17,point,0.5,5,False,0.0,True,0.0,5.0
context_only,B17,point,0.5,10,False,0.0,True,0.0,10.0
context_only,B17,point,0.5,20,False,0.0,True,0.0,20.0
context_only,B17,lower_bound,0.5,5,True,9.069444444444445,False,0.5216347373226695,0.5216347373226695
context_only,B17,lower_bound,0.5,10,True,9.069444444444445,False,0.5216347373226695,0.5216347373226695
context_only,B17,lower_bound,0.5,20,True,9.069444444444445,False,0.5216347373226695,0.5216347373226695
context_only,B17,point,1.0,5,False,0.0,True,0.0,5.0
context_only,B17,point,1.0,10,False,0.0,True,0.0,10.0
context_only,B17,point,1.0,20,False,0.0,True,0.0,20.0
context_only,B17,lower_bound,1.0,5,True,9.069444444444445,False,0.4911989990023841,0.4911989990023841
context_only,B17,lower_bound,1.0,10,True,9.069444444444445,False,0.4911989990023841,0.4911989990023841
context_only,B17,lower_bound,1.0,20,True,9.069444444444445,False,0.4911989990023841,0.4911989990023841
context_only,B17,point,2.0,5,True,4.911111111111111,False,0.17720363199810624,0.17720363199810624
context_only,B17,point,2.0,10,True,4.911111111111111,False,0.17720363199810624,0.17720363199810624
context_only,B17,point,2.0,20,True,4.911111111111111,False,0.17720363199810624,0.17720363199810624
context_only,B17,lower_bound,2.0,5,True,10.573055555555555,False,0.521854550988316,0.521854550988316
context_only,B17,lower_bound,2.0,10,True,10.573055555555555,False,0.521854550988316,0.521854550988316
context_only,B17,lower_bound,2.0,20,True,10.573055555555555,False,0.521854550988316,0.521854550988316
custom_boosting,B02,point,0.5,5,False,0.0,True,0.0,5.0
custom_boosting,B02,point,0.5,10,False,0.0,True,0.0,10.0
custom_boosting,B02,point,0.5,20,False,0.0,True,0.0,20.0
custom_boosting,B02,lower_bound,0.5,5,True,1.2986111111111107,False,0.14217892290193357,0.14217892290193357
custom_boosting,B02,lower_bound,0.5,10,True,1.2986111111111107,False,0.14217892290193357,0.14217892290193357
custom_boosting,B02,lower_bound,0.5,20,True,1.2986111111111107,False,0.14217892290193357,0.14217892290193357
custom_boosting,B02,point,1.0,5,False,0.0,True,0.0,5.0
custom_boosting,B02,point,1.0,10,False,0.0,True,0.0,10.0
custom_boosting,B02,point,1.0,20,False,0.0,True,0.0,20.0
custom_boosting,B02,lower_bound,1.0,5,True,1.3247222222222217,False,0.05781118639038614,0.05781118639038614
custom_boosting,B02,lower_bound,1.0,10,True,1.3247222222222217,False,0.05781118639038614,0.05781118639038614
custom_boosting,B02,lower_bound,1.0,20,True,1.3247222222222217,False,0.05781118639038614,0.05781118639038614
custom_boosting,B02,point,2.0,5,True,0.7566666666666659,True,0.0,5.0
custom_boosting,B02,point,2.0,10,True,0.7566666666666659,True,0.0,10.0
custom_boosting,B02,point,2.0,20,True,0.7566666666666659,True,0.0,20.0
custom_boosting,B02,lower_bound,2.0,5,True,1.3341666666666665,True,0.0,5.0
custom_boosting,B02,lower_bound,2.0,10,True,1.3341666666666665,True,0.0,10.0
custom_boosting,B02,lower_bound,2.0,20,True,1.3341666666666665,True,0.0,20.0
custom_boosting,B03,point,0.5,5,False,0.0,True,0.0,5.0
custom_boosting,B03,point,0.5,10,False,0.0,True,0.0,10.0
custom_boosting,B03,point,0.5,20,False,0.0,True,0.0,20.0
custom_boosting,B03,lower_bound,0.5,5,True,2.850833333333333,False,0.7310183985488468,0.7310183985488468
custom_boosting,B03,lower_bound,0.5,10,True,2.850833333333333,False,0.7310183985488468,0.7310183985488468
custom_boosting,B03,lower_bound,0.5,20,True,2.850833333333333,False,0.7310183985488468,0.7310183985488468
custom_boosting,B03,point,1.0,5,False,0.0,True,0.0,5.0
custom_boosting,B03,point,1.0,10,False,0.0,True,0.0,10.0
custom_boosting,B03,point,1.0,20,False,0.0,True,0.0,20.0
custom_boosting,B03,lower_bound,1.0,5,True,2.850833333333333,False,0.5755377040684114,0.5755377040684114
custom_boosting,B03,lower_bound,1.0,10,True,2.850833333333333,False,0.5755377040684114,0.5755377040684114
custom_boosting,B03,lower_bound,1.0,20,True,2.850833333333333,False,0.5755377040684114,0.5755377040684114
custom_boosting,B03,point,2.0,5,True,0.2594444444444446,True,0.0,5.0
custom_boosting,B03,point,2.0,10,True,0.2594444444444446,True,0.0,10.0
custom_boosting,B03,point,2.0,20,True,0.2594444444444446,True,0.0,20.0
custom_boosting,B03,lower_bound,2.0,5,True,2.850833333333333,False,0.26457631510754076,0.26457631510754076
custom_boosting,B03,lower_bound,2.0,10,True,2.850833333333333,False,0.26457631510754076,0.26457631510754076
custom_boosting,B03,lower_bound,2.0,20,True,2.850833333333333,False,0.26457631510754076,0.26457631510754076
custom_boosting,B04,point,0.5,5,False,0.0,True,0.0,5.0
custom_boosting,B04,point,0.5,10,False,0.0,True,0.0,10.0
custom_boosting,B04,point,0.5,20,False,0.0,True,0.0,20.0
custom_boosting,B04,lower_bound,0.5,5,True,5.696944444444444,False,0.9122336535179677,0.9122336535179677
custom_boosting,B04,lower_bound,0.5,10,True,5.696944444444444,False,0.9122336535179677,0.9122336535179677
custom_boosting,B04,lower_bound,0.5,20,True,5.696944444444444,False,0.9122336535179677,0.9122336535179677
custom_boosting,B04,point,1.0,5,True,3.0305555555555554,False,0.35642888487980884,0.35642888487980884
custom_boosting,B04,point,1.0,10,True,3.0305555555555554,False,0.35642888487980884,0.35642888487980884
custom_boosting,B04,point,1.0,20,True,3.0305555555555554,False,0.35642888487980884,0.35642888487980884
custom_boosting,B04,lower_bound,1.0,5,True,5.696944444444444,False,0.8244673070359354,0.8244673070359354
custom_boosting,B04,lower_bound,1.0,10,True,5.696944444444444,False,0.8244673070359354,0.8244673070359354
custom_boosting,B04,lower_bound,1.0,20,True,5.696944444444444,False,0.8244673070359354,0.8244673070359354
custom_boosting,B04,point,2.0,5,True,3.464722222222222,False,0.2571066361109757,0.2571066361109757
custom_boosting,B04,point,2.0,10,True,3.464722222222222,False,0.2571066361109757,0.2571066361109757
custom_boosting,B04,point,2.0,20,True,3.464722222222222,False,0.2571066361109757,0.2571066361109757
custom_boosting,B04,lower_bound,2.0,5,True,5.696944444444444,False,0.6489346140718709,0.6489346140718709
custom_boosting,B04,lower_bound,2.0,10,True,5.696944444444444,False,0.6489346140718709,0.6489346140718709
custom_boosting,B04,lower_bound,2.0,20,True,5.696944444444444,False,0.6489346140718709,0.6489346140718709
custom_boosting,B08,point,0.5,5,True,1.642777777777777,False,0.10756117966952514,0.10756117966952514
custom_boosting,B08,point,0.5,10,True,1.642777777777777,False,0.10756117966952514,0.10756117966952514
custom_boosting,B08,point,0.5,20,True,1.642777777777777,False,0.10756117966952514,0.10756117966952514
custom_boosting,B08,lower_bound,0.5,5,True,10.610833333333334,False,0.9516576030119223,0.9516576030119223
custom_boosting,B08,lower_bound,0.5,10,True,10.610833333333334,False,0.9516576030119223,0.9516576030119223
custom_boosting,B08,lower_bound,0.5,20,True,10.610833333333334,False,0.9516576030119223,0.9516576030119223
custom_boosting,B08,point,1.0,5,True,1.642777777777777,False,0.06049989541936826,0.06049989541936826
custom_boosting,B08,point,1.0,10,True,1.642777777777777,False,0.06049989541936826,0.06049989541936826
custom_boosting,B08,point,1.0,20,True,1.642777777777777,False,0.06049989541936826,0.06049989541936826
custom_boosting,B08,lower_bound,1.0,5,True,10.610833333333334,False,0.9045963187617654,0.9045963187617654
custom_boosting,B08,lower_bound,1.0,10,True,10.610833333333334,False,0.9045963187617654,0.9045963187617654
custom_boosting,B08,lower_bound,1.0,20,True,10.610833333333334,False,0.9045963187617654,0.9045963187617654
custom_boosting,B08,point,2.0,5,True,8.064722222222223,False,0.5708272327964862,0.5708272327964862
custom_boosting,B08,point,2.0,10,True,8.064722222222223,False,0.5708272327964862,0.5708272327964862
custom_boosting,B08,point,2.0,20,True,8.064722222222223,False,0.5708272327964862,0.5708272327964862
custom_boosting,B08,lower_bound,2.0,5,True,10.624444444444444,False,0.8117548629993725,0.8117548629993725
custom_boosting,B08,lower_bound,2.0,10,True,10.624444444444444,False,0.8117548629993725,0.8117548629993725
custom_boosting,B08,lower_bound,2.0,20,True,10.624444444444444,False,0.8117548629993725,0.8117548629993725
custom_boosting,B10,point,0.5,5,False,0.0,True,0.0,5.0
custom_boosting,B10,point,0.5,10,False,0.0,True,0.0,10.0
custom_boosting,B10,point,0.5,20,False,0.0,True,0.0,20.0
custom_boosting,B10,lower_bound,0.5,5,True,13.870277777777778,False,0.7038531841778167,0.7038531841778167
custom_boosting,B10,lower_bound,0.5,10,True,13.870277777777778,False,0.7038531841778167,0.7038531841778167
custom_boosting,B10,lower_bound,0.5,20,True,13.870277777777778,False,0.7038531841778167,0.7038531841778167
custom_boosting,B10,point,1.0,5,False,0.0,True,0.0,5.0
custom_boosting,B10,point,1.0,10,False,0.0,True,0.0,10.0
custom_boosting,B10,point,1.0,20,False,0.0,True,0.0,20.0
custom_boosting,B10,lower_bound,1.0,5,True,14.796666666666669,False,0.7262996271112087,0.7262996271112087
custom_boosting,B10,lower_bound,1.0,10,True,14.796666666666669,False,0.7262996271112087,0.7262996271112087
custom_boosting,B10,lower_bound,1.0,20,True,14.796666666666669,False,0.7262996271112087,0.7262996271112087
custom_boosting,B10,point,2.0,5,True,3.084722222222222,False,0.05710316589895444,0.05710316589895444
custom_boosting,B10,point,2.0,10,True,3.084722222222222,False,0.05710316589895444,0.05710316589895444
custom_boosting,B10,point,2.0,20,True,3.084722222222222,False,0.05710316589895444,0.05710316589895444
custom_boosting,B10,lower_bound,2.0,5,True,18.475,False,0.8672954595305988,0.8672954595305988
custom_boosting,B10,lower_bound,2.0,10,True,18.475,False,0.8672954595305988,0.8672954595305988
custom_boosting,B10,lower_bound,2.0,20,True,18.475,False,0.8672954595305988,0.8672954595305988
custom_boosting,B11,point,0.5,5,False,0.0,True,0.0,5.0
custom_boosting,B11,point,0.5,10,False,0.0,True,0.0,10.0
custom_boosting,B11,point,0.5,20,False,0.0,True,0.0,20.0
custom_boosting,B11,lower_bound,0.5,5,True,0.4202777777777768,True,0.0,5.0
custom_boosting,B11,lower_bound,0.5,10,True,0.4202777777777768,True,0.0,10.0
custom_boosting,B11,lower_bound,0.5,20,True,0.4202777777777768,True,0.0,20.0
custom_boosting,B11,point,1.0,5,False,0.0,True,0.0,5.0
custom_boosting,B11,point,1.0,10,False,0.0,True,0.0,10.0
custom_boosting,B11,point,1.0,20,False,0.0,True,0.0,20.0
custom_boosting,B11,lower_bound,1.0,5,True,0.5555555555555554,True,0.0,5.0
custom_boosting,B11,lower_bound,1.0,10,True,0.5555555555555554,True,0.0,10.0
custom_boosting,B11,lower_bound,1.0,20,True,0.5555555555555554,True,0.0,20.0
custom_boosting,B11,point,2.0,5,False,0.0,True,0.0,5.0
custom_boosting,B11,point,2.0,10,False,0.0,True,0.0,10.0
custom_boosting,B11,point,2.0,20,False,0.0,True,0.0,20.0
custom_boosting,B11,lower_bound,2.0,5,True,0.7141666666666655,True,0.0,5.0
custom_boosting,B11,lower_bound,2.0,10,True,0.7141666666666655,True,0.0,10.0
custom_boosting,B11,lower_bound,2.0,20,True,0.7141666666666655,True,0.0,20.0
custom_boosting,B12,point,0.5,5,False,0.0,True,0.0,5.0
custom_boosting,B12,point,0.5,10,False,0.0,True,0.0,10.0
custom_boosting,B12,point,0.5,20,False,0.0,True,0.0,20.0
custom_boosting,B12,lower_bound,0.5,5,True,1.0063888888888888,False,0.19858387799564267,0.19858387799564267
custom_boosting,B12,lower_bound,0.5,10,True,1.0063888888888888,False,0.19858387799564267,0.19858387799564267
custom_boosting,B12,lower_bound,0.5,20,True,1.0063888888888888,False,0.19858387799564267,0.19858387799564267
custom_boosting,B12,point,1.0,5,False,0.0,True,0.0,5.0
custom_boosting,B12,point,1.0,10,False,0.0,True,0.0,10.0
custom_boosting,B12,point,1.0,20,False,0.0,True,0.0,20.0
custom_boosting,B12,lower_bound,1.0,5,True,2.313055555555555,False,0.5149237472766883,0.5149237472766883
custom_boosting,B12,lower_bound,1.0,10,True,2.313055555555555,False,0.5149237472766883,0.5149237472766883
custom_boosting,B12,lower_bound,1.0,20,True,2.313055555555555,False,0.5149237472766883,0.5149237472766883
custom_boosting,B12,point,2.0,5,False,0.0,True,0.0,5.0
custom_boosting,B12,point,2.0,10,False,0.0,True,0.0,10.0
custom_boosting,B12,point,2.0,20,False,0.0,True,0.0,20.0
custom_boosting,B12,lower_bound,2.0,5,True,2.3363888888888886,False,0.13191721132897594,0.13191721132897594
custom_boosting,B12,lower_bound,2.0,10,True,2.3363888888888886,False,0.13191721132897594,0.13191721132897594
custom_boosting,B12,lower_bound,2.0,20,True,2.3363888888888886,False,0.13191721132897594,0.13191721132897594
custom_boosting,B17,point,0.5,5,True,2.304166666666667,False,0.10982228910569658,0.10982228910569658
custom_boosting,B17,point,0.5,10,True,2.304166666666667,False,0.10982228910569658,0.10982228910569658
custom_boosting,B17,point,0.5,20,True,2.304166666666667,False,0.10982228910569658,0.10982228910569658
custom_boosting,B17,lower_bound,0.5,5,True,16.255833333333335,False,0.9590808407027275,0.9590808407027275
custom_boosting,B17,lower_bound,0.5,10,True,16.255833333333335,False,0.9590808407027275,0.9590808407027275
custom_boosting,B17,lower_bound,0.5,20,True,16.255833333333335,False,0.9590808407027275,0.9590808407027275
custom_boosting,B17,point,1.0,5,True,2.4622222222222216,False,0.08900762584332354,0.08900762584332354
custom_boosting,B17,point,1.0,10,True,2.4622222222222216,False,0.08900762584332354,0.08900762584332354
custom_boosting,B17,point,1.0,20,True,2.4622222222222216,False,0.08900762584332354,0.08900762584332354
custom_boosting,B17,lower_bound,1.0,5,True,16.428055555555556,False,0.9391285233594292,0.9391285233594292
custom_boosting,B17,lower_bound,1.0,10,True,16.428055555555556,False,0.9391285233594292,0.9391285233594292
custom_boosting,B17,lower_bound,1.0,20,True,16.428055555555556,False,0.9391285233594292,0.9391285233594292
custom_boosting,B17,point,2.0,5,True,3.393055555555556,False,0.08479734870901746,0.08479734870901746
custom_boosting,B17,point,2.0,10,True,3.393055555555556,False,0.08479734870901746,0.08479734870901746
custom_boosting,B17,point,2.0,20,True,3.393055555555556,False,0.08479734870901746,0.08479734870901746
custom_boosting,B17,lower_bound,2.0,5,True,16.428055555555556,False,0.8782570467188583,0.8782570467188583
custom_boosting,B17,lower_bound,2.0,10,True,16.428055555555556,False,0.8782570467188583,0.8782570467188583
custom_boosting,B17,lower_bound,2.0,20,True,16.428055555555556,False,0.8782570467188583,0.8782570467188583
degradation,B02,point,0.5,5,False,0.0,True,0.0,5.0
degradation,B02,point,0.5,10,False,0.0,True,0.0,10.0
degradation,B02,point,0.5,20,False,0.0,True,0.0,20.0
degradation,B02,lower_bound,0.5,5,True,5.514722222222222,False,0.8927847287473418,0.8927847287473418
degradation,B02,lower_bound,0.5,10,True,5.514722222222222,False,0.8927847287473418,0.8927847287473418
degradation,B02,lower_bound,0.5,20,True,5.514722222222222,False,0.8927847287473418,0.8927847287473418
degradation,B02,point,1.0,5,False,0.0,True,0.0,5.0
degradation,B02,point,1.0,10,False,0.0,True,0.0,10.0
degradation,B02,point,1.0,20,False,0.0,True,0.0,20.0
degradation,B02,lower_bound,1.0,5,True,5.514722222222222,False,0.8037683596261312,0.8037683596261312
degradation,B02,lower_bound,1.0,10,True,5.514722222222222,False,0.8037683596261312,0.8037683596261312
degradation,B02,lower_bound,1.0,20,True,5.514722222222222,False,0.8037683596261312,0.8037683596261312
degradation,B02,point,2.0,5,False,0.0,True,0.0,5.0
degradation,B02,point,2.0,10,False,0.0,True,0.0,10.0
degradation,B02,point,2.0,20,False,0.0,True,0.0,20.0
degradation,B02,lower_bound,2.0,5,True,5.616944444444444,False,0.6439345235151575,0.6439345235151575
degradation,B02,lower_bound,2.0,10,True,5.616944444444444,False,0.6439345235151575,0.6439345235151575
degradation,B02,lower_bound,2.0,20,True,5.616944444444444,False,0.6439345235151575,0.6439345235151575
degradation,B03,point,0.5,5,False,0.0,True,0.0,5.0
degradation,B03,point,0.5,10,False,0.0,True,0.0,10.0
degradation,B03,point,0.5,20,False,0.0,True,0.0,20.0
degradation,B03,lower_bound,0.5,5,True,3.2158333333333333,False,0.8445193055195647,0.8445193055195647
degradation,B03,lower_bound,0.5,10,True,3.2158333333333333,False,0.8445193055195647,0.8445193055195647
degradation,B03,lower_bound,0.5,20,True,3.2158333333333333,False,0.8445193055195647,0.8445193055195647
degradation,B03,point,1.0,5,False,0.0,True,0.0,5.0
degradation,B03,point,1.0,10,False,0.0,True,0.0,10.0
degradation,B03,point,1.0,20,False,0.0,True,0.0,20.0
degradation,B03,lower_bound,1.0,5,True,3.2158333333333333,False,0.6890386110391293,0.6890386110391293
degradation,B03,lower_bound,1.0,10,True,3.2158333333333333,False,0.6890386110391293,0.6890386110391293
degradation,B03,lower_bound,1.0,20,True,3.2158333333333333,False,0.6890386110391293,0.6890386110391293
degradation,B03,point,2.0,5,True,0.0361111111111109,True,0.0,5.0
degradation,B03,point,2.0,10,True,0.0361111111111109,True,0.0,10.0
degradation,B03,point,2.0,20,True,0.0361111111111109,True,0.0,20.0
degradation,B03,lower_bound,2.0,5,True,3.2158333333333333,False,0.3780772220782586,0.3780772220782586
degradation,B03,lower_bound,2.0,10,True,3.2158333333333333,False,0.3780772220782586,0.3780772220782586
degradation,B03,lower_bound,2.0,20,True,3.2158333333333333,False,0.3780772220782586,0.3780772220782586
degradation,B04,point,0.5,5,False,0.0,True,0.0,5.0
degradation,B04,point,0.5,10,False,0.0,True,0.0,10.0
degradation,B04,point,0.5,20,False,0.0,True,0.0,20.0
degradation,B04,lower_bound,0.5,5,True,5.696944444444444,False,0.9122336535179677,0.9122336535179677
degradation,B04,lower_bound,0.5,10,True,5.696944444444444,False,0.9122336535179677,0.9122336535179677
degradation,B04,lower_bound,0.5,20,True,5.696944444444444,False,0.9122336535179677,0.9122336535179677
degradation,B04,point,1.0,5,True,3.267777777777777,False,0.39806914037739516,0.39806914037739516
degradation,B04,point,1.0,10,True,3.267777777777777,False,0.39806914037739516,0.39806914037739516
degradation,B04,point,1.0,20,True,3.267777777777777,False,0.39806914037739516,0.39806914037739516
degradation,B04,lower_bound,1.0,5,True,5.696944444444444,False,0.8244673070359354,0.8244673070359354
degradation,B04,lower_bound,1.0,10,True,5.696944444444444,False,0.8244673070359354,0.8244673070359354
degradation,B04,lower_bound,1.0,20,True,5.696944444444444,False,0.8244673070359354,0.8244673070359354
degradation,B04,point,2.0,5,True,3.342222222222222,False,0.23560388122287773,0.23560388122287773
degradation,B04,point,2.0,10,True,3.342222222222222,False,0.23560388122287773,0.23560388122287773
degradation,B04,point,2.0,20,True,3.342222222222222,False,0.23560388122287773,0.23560388122287773
degradation,B04,lower_bound,2.0,5,True,5.696944444444444,False,0.6489346140718709,0.6489346140718709
degradation,B04,lower_bound,2.0,10,True,5.696944444444444,False,0.6489346140718709,0.6489346140718709
degradation,B04,lower_bound,2.0,20,True,5.696944444444444,False,0.6489346140718709,0.6489346140718709
degradation,B08,point,0.5,5,False,0.0,True,0.0,5.0
degradation,B08,point,0.5,10,False,0.0,True,0.0,10.0
degradation,B08,point,0.5,20,False,0.0,True,0.0,20.0
degradation,B08,lower_bound,0.5,5,True,10.624444444444444,False,0.9529387157498431,0.9529387157498431
degradation,B08,lower_bound,0.5,10,True,10.624444444444444,False,0.9529387157498431,0.9529387157498431
degradation,B08,lower_bound,0.5,20,True,10.624444444444444,False,0.9529387157498431,0.9529387157498431
degradation,B08,point,1.0,5,False,0.0,True,0.0,5.0
degradation,B08,point,1.0,10,False,0.0,True,0.0,10.0
degradation,B08,point,1.0,20,False,0.0,True,0.0,20.0
degradation,B08,lower_bound,1.0,5,True,10.624444444444444,False,0.9058774314996862,0.9058774314996862
degradation,B08,lower_bound,1.0,10,True,10.624444444444444,False,0.9058774314996862,0.9058774314996862
degradation,B08,lower_bound,1.0,20,True,10.624444444444444,False,0.9058774314996862,0.9058774314996862
degradation,B08,point,2.0,5,False,0.0,True,0.0,5.0
degradation,B08,point,2.0,10,False,0.0,True,0.0,10.0
degradation,B08,point,2.0,20,False,0.0,True,0.0,20.0
degradation,B08,lower_bound,2.0,5,True,10.624444444444444,False,0.8117548629993725,0.8117548629993725
degradation,B08,lower_bound,2.0,10,True,10.624444444444444,False,0.8117548629993725,0.8117548629993725
degradation,B08,lower_bound,2.0,20,True,10.624444444444444,False,0.8117548629993725,0.8117548629993725
degradation,B10,point,0.5,5,True,18.81222222222222,False,0.9640125758572786,0.9640125758572786
degradation,B10,point,0.5,10,True,18.81222222222222,False,0.9640125758572786,0.9640125758572786
degradation,B10,point,0.5,20,True,18.81222222222222,False,0.9640125758572786,0.9640125758572786
degradation,B10,lower_bound,0.5,5,True,18.89583333333333,False,0.9684141259048035,0.9684141259048035
degradation,B10,lower_bound,0.5,10,True,18.89583333333333,False,0.9684141259048035,0.9684141259048035
degradation,B10,lower_bound,0.5,20,True,18.89583333333333,False,0.9684141259048035,0.9684141259048035
degradation,B10,point,1.0,5,True,18.81222222222222,False,0.9376910141112816,0.9376910141112816
degradation,B10,point,1.0,10,True,18.81222222222222,False,0.9376910141112816,0.9376910141112816
degradation,B10,point,1.0,20,True,18.81222222222222,False,0.9376910141112816,0.9376910141112816
degradation,B10,lower_bound,1.0,5,True,18.89583333333333,False,0.9420925641588065,0.9420925641588065
degradation,B10,lower_bound,1.0,10,True,18.89583333333333,False,0.9420925641588065,0.9420925641588065
degradation,B10,lower_bound,1.0,20,True,18.89583333333333,False,0.9420925641588065,0.9420925641588065
degradation,B10,point,2.0,5,True,18.81222222222222,False,0.8850478906192878,0.8850478906192878
degradation,B10,point,2.0,10,True,18.81222222222222,False,0.8850478906192878,0.8850478906192878
degradation,B10,point,2.0,20,True,18.81222222222222,False,0.8850478906192878,0.8850478906192878
degradation,B10,lower_bound,2.0,5,True,18.995833333333334,False,0.8947137530160123,0.8947137530160123
degradation,B10,lower_bound,2.0,10,True,18.995833333333334,False,0.8947137530160123,0.8947137530160123
degradation,B10,lower_bound,2.0,20,True,18.995833333333334,False,0.8947137530160123,0.8947137530160123
degradation,B11,point,0.5,5,False,0.0,True,0.0,5.0
degradation,B11,point,0.5,10,False,0.0,True,0.0,10.0
degradation,B11,point,0.5,20,False,0.0,True,0.0,20.0
degradation,B11,lower_bound,0.5,5,True,5.530277777777777,False,0.5689465581702221,0.5689465581702221
degradation,B11,lower_bound,0.5,10,True,5.530277777777777,False,0.5689465581702221,0.5689465581702221
degradation,B11,lower_bound,0.5,20,True,5.530277777777777,False,0.5689465581702221,0.5689465581702221
degradation,B11,point,1.0,5,False,0.0,True,0.0,5.0
degradation,B11,point,1.0,10,False,0.0,True,0.0,10.0
degradation,B11,point,1.0,20,False,0.0,True,0.0,20.0
degradation,B11,lower_bound,1.0,5,True,5.535555555555555,False,0.5129912972446511,0.5129912972446511
degradation,B11,lower_bound,1.0,10,True,5.535555555555555,False,0.5129912972446511,0.5129912972446511
degradation,B11,lower_bound,1.0,20,True,5.535555555555555,False,0.5129912972446511,0.5129912972446511
degradation,B11,point,2.0,5,False,0.0,True,0.0,5.0
degradation,B11,point,2.0,10,False,0.0,True,0.0,10.0
degradation,B11,point,2.0,20,False,0.0,True,0.0,20.0
degradation,B11,lower_bound,2.0,5,True,5.535555555555555,False,0.39988689559835366,0.39988689559835366
degradation,B11,lower_bound,2.0,10,True,5.535555555555555,False,0.39988689559835366,0.39988689559835366
degradation,B11,lower_bound,2.0,20,True,5.535555555555555,False,0.39988689559835366,0.39988689559835366
degradation,B12,point,0.5,5,False,0.0,True,0.0,5.0
degradation,B12,point,0.5,10,False,0.0,True,0.0,10.0
degradation,B12,point,0.5,20,False,0.0,True,0.0,20.0
degradation,B12,lower_bound,0.5,5,True,2.3163888888888886,False,0.7123093681917211,0.7123093681917211
degradation,B12,lower_bound,0.5,10,True,2.3163888888888886,False,0.7123093681917211,0.7123093681917211
degradation,B12,lower_bound,0.5,20,True,2.3163888888888886,False,0.7123093681917211,0.7123093681917211
degradation,B12,point,1.0,5,False,0.0,True,0.0,5.0
degradation,B12,point,1.0,10,False,0.0,True,0.0,10.0
degradation,B12,point,1.0,20,False,0.0,True,0.0,20.0
degradation,B12,lower_bound,1.0,5,True,2.55,False,0.6078431372549019,0.6078431372549019
degradation,B12,lower_bound,1.0,10,True,2.55,False,0.6078431372549019,0.6078431372549019
degradation,B12,lower_bound,1.0,20,True,2.55,False,0.6078431372549019,0.6078431372549019
degradation,B12,point,2.0,5,False,0.0,True,0.0,5.0
degradation,B12,point,2.0,10,False,0.0,True,0.0,10.0
degradation,B12,point,2.0,20,False,0.0,True,0.0,20.0
degradation,B12,lower_bound,2.0,5,True,2.55,False,0.21568627450980388,0.21568627450980388
degradation,B12,lower_bound,2.0,10,True,2.55,False,0.21568627450980388,0.21568627450980388
degradation,B12,lower_bound,2.0,20,True,2.55,False,0.21568627450980388,0.21568627450980388
degradation,B17,point,0.5,5,False,0.0,True,0.0,5.0
degradation,B17,point,0.5,10,False,0.0,True,0.0,10.0
degradation,B17,point,0.5,20,False,0.0,True,0.0,20.0
degradation,B17,lower_bound,0.5,5,True,16.323611111111113,False,0.9632065741194773,0.9632065741194773
degradation,B17,lower_bound,0.5,10,True,16.323611111111113,False,0.9632065741194773,0.9632065741194773
degradation,B17,lower_bound,0.5,20,True,16.323611111111113,False,0.9632065741194773,0.9632065741194773
degradation,B17,point,1.0,5,False,0.0,True,0.0,5.0
degradation,B17,point,1.0,10,False,0.0,True,0.0,10.0
degradation,B17,point,1.0,20,False,0.0,True,0.0,20.0
degradation,B17,lower_bound,1.0,5,True,16.428055555555556,False,0.9391285233594292,0.9391285233594292
degradation,B17,lower_bound,1.0,10,True,16.428055555555556,False,0.9391285233594292,0.9391285233594292
degradation,B17,lower_bound,1.0,20,True,16.428055555555556,False,0.9391285233594292,0.9391285233594292
degradation,B17,point,2.0,5,False,0.0,True,0.0,5.0
degradation,B17,point,2.0,10,False,0.0,True,0.0,10.0
degradation,B17,point,2.0,20,False,0.0,True,0.0,20.0
degradation,B17,lower_bound,2.0,5,True,16.428055555555556,False,0.8782570467188583,0.8782570467188583
degradation,B17,lower_bound,2.0,10,True,16.428055555555556,False,0.8782570467188583,0.8782570467188583
degradation,B17,lower_bound,2.0,20,True,16.428055555555556,False,0.8782570467188583,0.8782570467188583
elapsed_clock,B02,point,0.5,5,True,5.616944444444444,False,0.9109836308787894,0.9109836308787894
elapsed_clock,B02,point,0.5,10,True,5.616944444444444,False,0.9109836308787894,0.9109836308787894
elapsed_clock,B02,point,0.5,20,True,5.616944444444444,False,0.9109836308787894,0.9109836308787894
elapsed_clock,B02,lower_bound,0.5,5,True,5.616944444444444,False,0.9109836308787894,0.9109836308787894
elapsed_clock,B02,lower_bound,0.5,10,True,5.616944444444444,False,0.9109836308787894,0.9109836308787894
elapsed_clock,B02,lower_bound,0.5,20,True,5.616944444444444,False,0.9109836308787894,0.9109836308787894
elapsed_clock,B02,point,1.0,5,True,5.616944444444444,False,0.8219672617575787,0.8219672617575787
elapsed_clock,B02,point,1.0,10,True,5.616944444444444,False,0.8219672617575787,0.8219672617575787
elapsed_clock,B02,point,1.0,20,True,5.616944444444444,False,0.8219672617575787,0.8219672617575787
elapsed_clock,B02,lower_bound,1.0,5,True,5.616944444444444,False,0.8219672617575787,0.8219672617575787
elapsed_clock,B02,lower_bound,1.0,10,True,5.616944444444444,False,0.8219672617575787,0.8219672617575787
elapsed_clock,B02,lower_bound,1.0,20,True,5.616944444444444,False,0.8219672617575787,0.8219672617575787
elapsed_clock,B02,point,2.0,5,True,5.616944444444444,False,0.6439345235151575,0.6439345235151575
elapsed_clock,B02,point,2.0,10,True,5.616944444444444,False,0.6439345235151575,0.6439345235151575
elapsed_clock,B02,point,2.0,20,True,5.616944444444444,False,0.6439345235151575,0.6439345235151575
elapsed_clock,B02,lower_bound,2.0,5,True,5.616944444444444,False,0.6439345235151575,0.6439345235151575
elapsed_clock,B02,lower_bound,2.0,10,True,5.616944444444444,False,0.6439345235151575,0.6439345235151575
elapsed_clock,B02,lower_bound,2.0,20,True,5.616944444444444,False,0.6439345235151575,0.6439345235151575
elapsed_clock,B03,point,0.5,5,True,3.2158333333333333,False,0.8445193055195647,0.8445193055195647
elapsed_clock,B03,point,0.5,10,True,3.2158333333333333,False,0.8445193055195647,0.8445193055195647
elapsed_clock,B03,point,0.5,20,True,3.2158333333333333,False,0.8445193055195647,0.8445193055195647
elapsed_clock,B03,lower_bound,0.5,5,True,3.2158333333333333,False,0.8445193055195647,0.8445193055195647
elapsed_clock,B03,lower_bound,0.5,10,True,3.2158333333333333,False,0.8445193055195647,0.8445193055195647
elapsed_clock,B03,lower_bound,0.5,20,True,3.2158333333333333,False,0.8445193055195647,0.8445193055195647
elapsed_clock,B03,point,1.0,5,True,3.2158333333333333,False,0.6890386110391293,0.6890386110391293
elapsed_clock,B03,point,1.0,10,True,3.2158333333333333,False,0.6890386110391293,0.6890386110391293
elapsed_clock,B03,point,1.0,20,True,3.2158333333333333,False,0.6890386110391293,0.6890386110391293
elapsed_clock,B03,lower_bound,1.0,5,True,3.2158333333333333,False,0.6890386110391293,0.6890386110391293
elapsed_clock,B03,lower_bound,1.0,10,True,3.2158333333333333,False,0.6890386110391293,0.6890386110391293
elapsed_clock,B03,lower_bound,1.0,20,True,3.2158333333333333,False,0.6890386110391293,0.6890386110391293
elapsed_clock,B03,point,2.0,5,True,3.2158333333333333,False,0.3780772220782586,0.3780772220782586
elapsed_clock,B03,point,2.0,10,True,3.2158333333333333,False,0.3780772220782586,0.3780772220782586
elapsed_clock,B03,point,2.0,20,True,3.2158333333333333,False,0.3780772220782586,0.3780772220782586
elapsed_clock,B03,lower_bound,2.0,5,True,3.2158333333333333,False,0.3780772220782586,0.3780772220782586
elapsed_clock,B03,lower_bound,2.0,10,True,3.2158333333333333,False,0.3780772220782586,0.3780772220782586
elapsed_clock,B03,lower_bound,2.0,20,True,3.2158333333333333,False,0.3780772220782586,0.3780772220782586
elapsed_clock,B04,point,0.5,5,True,5.696944444444444,False,0.9122336535179677,0.9122336535179677
elapsed_clock,B04,point,0.5,10,True,5.696944444444444,False,0.9122336535179677,0.9122336535179677
elapsed_clock,B04,point,0.5,20,True,5.696944444444444,False,0.9122336535179677,0.9122336535179677
elapsed_clock,B04,lower_bound,0.5,5,True,5.696944444444444,False,0.9122336535179677,0.9122336535179677
elapsed_clock,B04,lower_bound,0.5,10,True,5.696944444444444,False,0.9122336535179677,0.9122336535179677
elapsed_clock,B04,lower_bound,0.5,20,True,5.696944444444444,False,0.9122336535179677,0.9122336535179677
elapsed_clock,B04,point,1.0,5,True,5.696944444444444,False,0.8244673070359354,0.8244673070359354
elapsed_clock,B04,point,1.0,10,True,5.696944444444444,False,0.8244673070359354,0.8244673070359354
elapsed_clock,B04,point,1.0,20,True,5.696944444444444,False,0.8244673070359354,0.8244673070359354
elapsed_clock,B04,lower_bound,1.0,5,True,5.696944444444444,False,0.8244673070359354,0.8244673070359354
elapsed_clock,B04,lower_bound,1.0,10,True,5.696944444444444,False,0.8244673070359354,0.8244673070359354
elapsed_clock,B04,lower_bound,1.0,20,True,5.696944444444444,False,0.8244673070359354,0.8244673070359354
elapsed_clock,B04,point,2.0,5,True,5.696944444444444,False,0.6489346140718709,0.6489346140718709
elapsed_clock,B04,point,2.0,10,True,5.696944444444444,False,0.6489346140718709,0.6489346140718709
elapsed_clock,B04,point,2.0,20,True,5.696944444444444,False,0.6489346140718709,0.6489346140718709
elapsed_clock,B04,lower_bound,2.0,5,True,5.696944444444444,False,0.6489346140718709,0.6489346140718709
elapsed_clock,B04,lower_bound,2.0,10,True,5.696944444444444,False,0.6489346140718709,0.6489346140718709
elapsed_clock,B04,lower_bound,2.0,20,True,5.696944444444444,False,0.6489346140718709,0.6489346140718709
elapsed_clock,B08,point,0.5,5,True,10.624444444444444,False,0.9529387157498431,0.9529387157498431
elapsed_clock,B08,point,0.5,10,True,10.624444444444444,False,0.9529387157498431,0.9529387157498431
elapsed_clock,B08,point,0.5,20,True,10.624444444444444,False,0.9529387157498431,0.9529387157498431
elapsed_clock,B08,lower_bound,0.5,5,True,10.624444444444444,False,0.9529387157498431,0.9529387157498431
elapsed_clock,B08,lower_bound,0.5,10,True,10.624444444444444,False,0.9529387157498431,0.9529387157498431
elapsed_clock,B08,lower_bound,0.5,20,True,10.624444444444444,False,0.9529387157498431,0.9529387157498431
elapsed_clock,B08,point,1.0,5,True,10.624444444444444,False,0.9058774314996862,0.9058774314996862
elapsed_clock,B08,point,1.0,10,True,10.624444444444444,False,0.9058774314996862,0.9058774314996862
elapsed_clock,B08,point,1.0,20,True,10.624444444444444,False,0.9058774314996862,0.9058774314996862
elapsed_clock,B08,lower_bound,1.0,5,True,10.624444444444444,False,0.9058774314996862,0.9058774314996862
elapsed_clock,B08,lower_bound,1.0,10,True,10.624444444444444,False,0.9058774314996862,0.9058774314996862
elapsed_clock,B08,lower_bound,1.0,20,True,10.624444444444444,False,0.9058774314996862,0.9058774314996862
elapsed_clock,B08,point,2.0,5,True,10.624444444444444,False,0.8117548629993725,0.8117548629993725
elapsed_clock,B08,point,2.0,10,True,10.624444444444444,False,0.8117548629993725,0.8117548629993725
elapsed_clock,B08,point,2.0,20,True,10.624444444444444,False,0.8117548629993725,0.8117548629993725
elapsed_clock,B08,lower_bound,2.0,5,True,10.624444444444444,False,0.8117548629993725,0.8117548629993725
elapsed_clock,B08,lower_bound,2.0,10,True,10.624444444444444,False,0.8117548629993725,0.8117548629993725
elapsed_clock,B08,lower_bound,2.0,20,True,10.624444444444444,False,0.8117548629993725,0.8117548629993725
elapsed_clock,B10,point,0.5,5,True,18.995833333333334,False,0.973678438254003,0.973678438254003
elapsed_clock,B10,point,0.5,10,True,18.995833333333334,False,0.973678438254003,0.973678438254003
elapsed_clock,B10,point,0.5,20,True,18.995833333333334,False,0.973678438254003,0.973678438254003
elapsed_clock,B10,lower_bound,0.5,5,True,18.995833333333334,False,0.973678438254003,0.973678438254003
elapsed_clock,B10,lower_bound,0.5,10,True,18.995833333333334,False,0.973678438254003,0.973678438254003
elapsed_clock,B10,lower_bound,0.5,20,True,18.995833333333334,False,0.973678438254003,0.973678438254003
elapsed_clock,B10,point,1.0,5,True,18.995833333333334,False,0.9473568765080062,0.9473568765080062
elapsed_clock,B10,point,1.0,10,True,18.995833333333334,False,0.9473568765080062,0.9473568765080062
elapsed_clock,B10,point,1.0,20,True,18.995833333333334,False,0.9473568765080062,0.9473568765080062
elapsed_clock,B10,lower_bound,1.0,5,True,18.995833333333334,False,0.9473568765080062,0.9473568765080062
elapsed_clock,B10,lower_bound,1.0,10,True,18.995833333333334,False,0.9473568765080062,0.9473568765080062
elapsed_clock,B10,lower_bound,1.0,20,True,18.995833333333334,False,0.9473568765080062,0.9473568765080062
elapsed_clock,B10,point,2.0,5,True,18.995833333333334,False,0.8947137530160123,0.8947137530160123
elapsed_clock,B10,point,2.0,10,True,18.995833333333334,False,0.8947137530160123,0.8947137530160123
elapsed_clock,B10,point,2.0,20,True,18.995833333333334,False,0.8947137530160123,0.8947137530160123
elapsed_clock,B10,lower_bound,2.0,5,True,18.995833333333334,False,0.8947137530160123,0.8947137530160123
elapsed_clock,B10,lower_bound,2.0,10,True,18.995833333333334,False,0.8947137530160123,0.8947137530160123
elapsed_clock,B10,lower_bound,2.0,20,True,18.995833333333334,False,0.8947137530160123,0.8947137530160123
elapsed_clock,B11,point,0.5,5,True,8.841388888888888,False,0.9434477991768513,0.9434477991768513
elapsed_clock,B11,point,0.5,10,True,8.841388888888888,False,0.9434477991768513,0.9434477991768513
elapsed_clock,B11,point,0.5,20,True,8.841388888888888,False,0.9434477991768513,0.9434477991768513
elapsed_clock,B11,lower_bound,0.5,5,True,8.841388888888888,False,0.9434477991768513,0.9434477991768513
elapsed_clock,B11,lower_bound,0.5,10,True,8.841388888888888,False,0.9434477991768513,0.9434477991768513
elapsed_clock,B11,lower_bound,0.5,20,True,8.841388888888888,False,0.9434477991768513,0.9434477991768513
elapsed_clock,B11,point,1.0,5,True,8.841388888888888,False,0.8868955983537026,0.8868955983537026
elapsed_clock,B11,point,1.0,10,True,8.841388888888888,False,0.8868955983537026,0.8868955983537026
elapsed_clock,B11,point,1.0,20,True,8.841388888888888,False,0.8868955983537026,0.8868955983537026
elapsed_clock,B11,lower_bound,1.0,5,True,8.841388888888888,False,0.8868955983537026,0.8868955983537026
elapsed_clock,B11,lower_bound,1.0,10,True,8.841388888888888,False,0.8868955983537026,0.8868955983537026
elapsed_clock,B11,lower_bound,1.0,20,True,8.841388888888888,False,0.8868955983537026,0.8868955983537026
elapsed_clock,B11,point,2.0,5,True,8.841388888888888,False,0.7737911967074051,0.7737911967074051
elapsed_clock,B11,point,2.0,10,True,8.841388888888888,False,0.7737911967074051,0.7737911967074051
elapsed_clock,B11,point,2.0,20,True,8.841388888888888,False,0.7737911967074051,0.7737911967074051
elapsed_clock,B11,lower_bound,2.0,5,True,8.841388888888888,False,0.7737911967074051,0.7737911967074051
elapsed_clock,B11,lower_bound,2.0,10,True,8.841388888888888,False,0.7737911967074051,0.7737911967074051
elapsed_clock,B11,lower_bound,2.0,20,True,8.841388888888888,False,0.7737911967074051,0.7737911967074051
elapsed_clock,B12,point,0.5,5,True,2.55,False,0.803921568627451,0.803921568627451
elapsed_clock,B12,point,0.5,10,True,2.55,False,0.803921568627451,0.803921568627451
elapsed_clock,B12,point,0.5,20,True,2.55,False,0.803921568627451,0.803921568627451
elapsed_clock,B12,lower_bound,0.5,5,True,2.55,False,0.803921568627451,0.803921568627451
elapsed_clock,B12,lower_bound,0.5,10,True,2.55,False,0.803921568627451,0.803921568627451
elapsed_clock,B12,lower_bound,0.5,20,True,2.55,False,0.803921568627451,0.803921568627451
elapsed_clock,B12,point,1.0,5,True,2.55,False,0.6078431372549019,0.6078431372549019
elapsed_clock,B12,point,1.0,10,True,2.55,False,0.6078431372549019,0.6078431372549019
elapsed_clock,B12,point,1.0,20,True,2.55,False,0.6078431372549019,0.6078431372549019
elapsed_clock,B12,lower_bound,1.0,5,True,2.55,False,0.6078431372549019,0.6078431372549019
elapsed_clock,B12,lower_bound,1.0,10,True,2.55,False,0.6078431372549019,0.6078431372549019
elapsed_clock,B12,lower_bound,1.0,20,True,2.55,False,0.6078431372549019,0.6078431372549019
elapsed_clock,B12,point,2.0,5,True,2.55,False,0.21568627450980388,0.21568627450980388
elapsed_clock,B12,point,2.0,10,True,2.55,False,0.21568627450980388,0.21568627450980388
elapsed_clock,B12,point,2.0,20,True,2.55,False,0.21568627450980388,0.21568627450980388
elapsed_clock,B12,lower_bound,2.0,5,True,2.55,False,0.21568627450980388,0.21568627450980388
elapsed_clock,B12,lower_bound,2.0,10,True,2.55,False,0.21568627450980388,0.21568627450980388
elapsed_clock,B12,lower_bound,2.0,20,True,2.55,False,0.21568627450980388,0.21568627450980388
elapsed_clock,B17,point,0.5,5,True,16.428055555555556,False,0.9695642616797145,0.9695642616797145
elapsed_clock,B17,point,0.5,10,True,16.428055555555556,False,0.9695642616797145,0.9695642616797145
elapsed_clock,B17,point,0.5,20,True,16.428055555555556,False,0.9695642616797145,0.9695642616797145
elapsed_clock,B17,lower_bound,0.5,5,True,16.428055555555556,False,0.9695642616797145,0.9695642616797145
elapsed_clock,B17,lower_bound,0.5,10,True,16.428055555555556,False,0.9695642616797145,0.9695642616797145
elapsed_clock,B17,lower_bound,0.5,20,True,16.428055555555556,False,0.9695642616797145,0.9695642616797145
elapsed_clock,B17,point,1.0,5,True,16.428055555555556,False,0.9391285233594292,0.9391285233594292
elapsed_clock,B17,point,1.0,10,True,16.428055555555556,False,0.9391285233594292,0.9391285233594292
elapsed_clock,B17,point,1.0,20,True,16.428055555555556,False,0.9391285233594292,0.9391285233594292
elapsed_clock,B17,lower_bound,1.0,5,True,16.428055555555556,False,0.9391285233594292,0.9391285233594292
elapsed_clock,B17,lower_bound,1.0,10,True,16.428055555555556,False,0.9391285233594292,0.9391285233594292
elapsed_clock,B17,lower_bound,1.0,20,True,16.428055555555556,False,0.9391285233594292,0.9391285233594292
elapsed_clock,B17,point,2.0,5,True,16.428055555555556,False,0.8782570467188583,0.8782570467188583
elapsed_clock,B17,point,2.0,10,True,16.428055555555556,False,0.8782570467188583,0.8782570467188583
elapsed_clock,B17,point,2.0,20,True,16.428055555555556,False,0.8782570467188583,0.8782570467188583
elapsed_clock,B17,lower_bound,2.0,5,True,16.428055555555556,False,0.8782570467188583,0.8782570467188583
elapsed_clock,B17,lower_bound,2.0,10,True,16.428055555555556,False,0.8782570467188583,0.8782570467188583
elapsed_clock,B17,lower_bound,2.0,20,True,16.428055555555556,False,0.8782570467188583,0.8782570467188583
random_forest,B02,point,0.5,5,True,1.1366666666666667,False,0.11334751001434154,0.11334751001434154
random_forest,B02,point,0.5,10,True,1.1366666666666667,False,0.11334751001434154,0.11334751001434154
random_forest,B02,point,0.5,20,True,1.1366666666666667,False,0.11334751001434154,0.11334751001434154
random_forest,B02,lower_bound,0.5,5,True,1.2494444444444444,False,0.13342564660501458,0.13342564660501458
random_forest,B02,lower_bound,0.5,10,True,1.2494444444444444,False,0.13342564660501458,0.13342564660501458
random_forest,B02,lower_bound,0.5,20,True,1.2494444444444444,False,0.13342564660501458,0.13342564660501458
random_forest,B02,point,1.0,5,True,1.1430555555555548,False,0.025468572276346243,0.025468572276346243
random_forest,B02,point,1.0,10,True,1.1430555555555548,False,0.025468572276346243,0.025468572276346243
random_forest,B02,point,1.0,20,True,1.1430555555555548,False,0.025468572276346243,0.025468572276346243
random_forest,B02,lower_bound,1.0,5,True,1.3294444444444444,False,0.05865189654319767,0.05865189654319767
random_forest,B02,lower_bound,1.0,10,True,1.3294444444444444,False,0.05865189654319767,0.05865189654319767
random_forest,B02,lower_bound,1.0,20,True,1.3294444444444444,False,0.05865189654319767,0.05865189654319767
random_forest,B02,point,2.0,5,True,1.2080555555555552,True,0.0,5.0
random_forest,B02,point,2.0,10,True,1.2080555555555552,True,0.0,10.0
random_forest,B02,point,2.0,20,True,1.2080555555555552,True,0.0,20.0
random_forest,B02,lower_bound,2.0,5,True,3.746944444444444,False,0.3110133030018297,0.3110133030018297
random_forest,B02,lower_bound,2.0,10,True,3.746944444444444,False,0.3110133030018297,0.3110133030018297
random_forest,B02,lower_bound,2.0,20,True,3.746944444444444,False,0.3110133030018297,0.3110133030018297
random_forest,B03,point,0.5,5,False,0.0,True,0.0,5.0
random_forest,B03,point,0.5,10,False,0.0,True,0.0,10.0
random_forest,B03,point,0.5,20,False,0.0,True,0.0,20.0
random_forest,B03,lower_bound,0.5,5,True,2.856111111111112,False,0.7326595836572518,0.7326595836572518
random_forest,B03,lower_bound,0.5,10,True,2.856111111111112,False,0.7326595836572518,0.7326595836572518
random_forest,B03,lower_bound,0.5,20,True,2.856111111111112,False,0.7326595836572518,0.7326595836572518
random_forest,B03,point,1.0,5,True,0.118611111111111,True,0.0,5.0
random_forest,B03,point,1.0,10,True,0.118611111111111,True,0.0,10.0
random_forest,B03,point,1.0,20,True,0.118611111111111,True,0.0,20.0
random_forest,B03,lower_bound,1.0,5,True,2.856111111111112,False,0.5771788891768165,0.5771788891768165
random_forest,B03,lower_bound,1.0,10,True,2.856111111111112,False,0.5771788891768165,0.5771788891768165
random_forest,B03,lower_bound,1.0,20,True,2.856111111111112,False,0.5771788891768165,0.5771788891768165
random_forest,B03,point,2.0,5,True,0.3502777777777779,True,0.0,5.0
random_forest,B03,point,2.0,10,True,0.3502777777777779,True,0.0,10.0
random_forest,B03,point,2.0,20,True,0.3502777777777779,True,0.0,20.0
random_forest,B03,lower_bound,2.0,5,True,3.0119444444444445,False,0.3146756499956811,0.3146756499956811
random_forest,B03,lower_bound,2.0,10,True,3.0119444444444445,False,0.3146756499956811,0.3146756499956811
random_forest,B03,lower_bound,2.0,20,True,3.0119444444444445,False,0.3146756499956811,0.3146756499956811
random_forest,B04,point,0.5,5,True,1.0199999999999996,False,0.0912770003413135,0.0912770003413135
random_forest,B04,point,0.5,10,True,1.0199999999999996,False,0.0912770003413135,0.0912770003413135
random_forest,B04,point,0.5,20,True,1.0199999999999996,False,0.0912770003413135,0.0912770003413135
random_forest,B04,lower_bound,0.5,5,True,5.696944444444444,False,0.9122336535179677,0.9122336535179677
random_forest,B04,lower_bound,0.5,10,True,5.696944444444444,False,0.9122336535179677,0.9122336535179677
random_forest,B04,lower_bound,0.5,20,True,5.696944444444444,False,0.9122336535179677,0.9122336535179677
random_forest,B04,point,1.0,5,True,3.1563888888888885,False,0.3785167487444536,0.3785167487444536
random_forest,B04,point,1.0,10,True,3.1563888888888885,False,0.3785167487444536,0.3785167487444536
random_forest,B04,point,1.0,20,True,3.1563888888888885,False,0.3785167487444536,0.3785167487444536
random_forest,B04,lower_bound,1.0,5,True,5.696944444444444,False,0.8244673070359354,0.8244673070359354
random_forest,B04,lower_bound,1.0,10,True,5.696944444444444,False,0.8244673070359354,0.8244673070359354
random_forest,B04,lower_bound,1.0,20,True,5.696944444444444,False,0.8244673070359354,0.8244673070359354
random_forest,B04,point,2.0,5,True,3.2072222222222218,False,0.21190696767272899,0.21190696767272899
random_forest,B04,point,2.0,10,True,3.2072222222222218,False,0.21190696767272899,0.21190696767272899
random_forest,B04,point,2.0,20,True,3.2072222222222218,False,0.21190696767272899,0.21190696767272899
random_forest,B04,lower_bound,2.0,5,True,5.696944444444444,False,0.6489346140718709,0.6489346140718709
random_forest,B04,lower_bound,2.0,10,True,5.696944444444444,False,0.6489346140718709,0.6489346140718709
random_forest,B04,lower_bound,2.0,20,True,5.696944444444444,False,0.6489346140718709,0.6489346140718709
random_forest,B08,point,0.5,5,True,1.2313888888888886,False,0.06884020079481278,0.06884020079481278
random_forest,B08,point,0.5,10,True,1.2313888888888886,False,0.06884020079481278,0.06884020079481278
random_forest,B08,point,0.5,20,True,1.2313888888888886,False,0.06884020079481278,0.06884020079481278
random_forest,B08,lower_bound,0.5,5,True,10.34,False,0.9261660740430873,0.9261660740430873
random_forest,B08,lower_bound,0.5,10,True,10.34,False,0.9261660740430873,0.9261660740430873
random_forest,B08,lower_bound,0.5,20,True,10.34,False,0.9261660740430873,0.9261660740430873
random_forest,B08,point,1.0,5,True,1.4555555555555555,False,0.042878058983476255,0.042878058983476255
random_forest,B08,point,1.0,10,True,1.4555555555555555,False,0.042878058983476255,0.042878058983476255
random_forest,B08,point,1.0,20,True,1.4555555555555555,False,0.042878058983476255,0.042878058983476255
random_forest,B08,lower_bound,1.0,5,True,10.34,False,0.8791047897929304,0.8791047897929304
random_forest,B08,lower_bound,1.0,10,True,10.34,False,0.8791047897929304,0.8791047897929304
random_forest,B08,lower_bound,1.0,20,True,10.34,False,0.8791047897929304,0.8791047897929304
random_forest,B08,point,2.0,5,True,3.5841666666666665,False,0.149105835599247,0.149105835599247
random_forest,B08,point,2.0,10,True,3.5841666666666665,False,0.149105835599247,0.149105835599247
random_forest,B08,point,2.0,20,True,3.5841666666666665,False,0.149105835599247,0.149105835599247
random_forest,B08,lower_bound,2.0,5,True,10.624444444444444,False,0.8117548629993725,0.8117548629993725
random_forest,B08,lower_bound,2.0,10,True,10.624444444444444,False,0.8117548629993725,0.8117548629993725
random_forest,B08,lower_bound,2.0,20,True,10.624444444444444,False,0.8117548629993725,0.8117548629993725
random_forest,B10,point,0.5,5,True,0.3594444444444455,True,0.0,5.0
random_forest,B10,point,0.5,10,True,0.3594444444444455,True,0.0,10.0
random_forest,B10,point,0.5,20,True,0.3594444444444455,True,0.0,20.0
random_forest,B10,lower_bound,0.5,5,True,18.97305555555556,False,0.9724793448855746,0.9724793448855746
random_forest,B10,lower_bound,0.5,10,True,18.97305555555556,False,0.9724793448855746,0.9724793448855746
random_forest,B10,lower_bound,0.5,20,True,18.97305555555556,False,0.9724793448855746,0.9724793448855746
random_forest,B10,point,1.0,5,True,0.87638888888889,True,0.0,5.0
random_forest,B10,point,1.0,10,True,0.87638888888889,True,0.0,10.0
random_forest,B10,point,1.0,20,True,0.87638888888889,True,0.0,20.0
random_forest,B10,lower_bound,1.0,5,True,18.995833333333334,False,0.9473568765080062,0.9473568765080062
random_forest,B10,lower_bound,1.0,10,True,18.995833333333334,False,0.9473568765080062,0.9473568765080062
random_forest,B10,lower_bound,1.0,20,True,18.995833333333334,False,0.9473568765080062,0.9473568765080062
random_forest,B10,point,2.0,5,True,1.651944444444446,True,0.0,5.0
random_forest,B10,point,2.0,10,True,1.651944444444446,True,0.0,10.0
random_forest,B10,point,2.0,20,True,1.651944444444446,True,0.0,20.0
random_forest,B10,lower_bound,2.0,5,True,18.995833333333334,False,0.8947137530160123,0.8947137530160123
random_forest,B10,lower_bound,2.0,10,True,18.995833333333334,False,0.8947137530160123,0.8947137530160123
random_forest,B10,lower_bound,2.0,20,True,18.995833333333334,False,0.8947137530160123,0.8947137530160123
random_forest,B11,point,0.5,5,False,0.0,True,0.0,5.0
random_forest,B11,point,0.5,10,False,0.0,True,0.0,10.0
random_forest,B11,point,0.5,20,False,0.0,True,0.0,20.0
random_forest,B11,lower_bound,0.5,5,True,0.7141666666666655,False,0.024223192685915232,0.024223192685915232
random_forest,B11,lower_bound,0.5,10,True,0.7141666666666655,False,0.024223192685915232,0.024223192685915232
random_forest,B11,lower_bound,0.5,20,True,0.7141666666666655,False,0.024223192685915232,0.024223192685915232
random_forest,B11,point,1.0,5,False,0.0,True,0.0,5.0
random_forest,B11,point,1.0,10,False,0.0,True,0.0,10.0
random_forest,B11,point,1.0,20,False,0.0,True,0.0,20.0
random_forest,B11,lower_bound,1.0,5,True,0.7141666666666655,True,0.0,5.0
random_forest,B11,lower_bound,1.0,10,True,0.7141666666666655,True,0.0,10.0
random_forest,B11,lower_bound,1.0,20,True,0.7141666666666655,True,0.0,20.0
random_forest,B11,point,2.0,5,True,0.2705555555555552,True,0.0,5.0
random_forest,B11,point,2.0,10,True,0.2705555555555552,True,0.0,10.0
random_forest,B11,point,2.0,20,True,0.2705555555555552,True,0.0,20.0
random_forest,B11,lower_bound,2.0,5,True,0.7141666666666655,True,0.0,5.0
random_forest,B11,lower_bound,2.0,10,True,0.7141666666666655,True,0.0,10.0
random_forest,B11,lower_bound,2.0,20,True,0.7141666666666655,True,0.0,20.0
random_forest,B12,point,0.5,5,True,0.8697222222222221,False,0.14498910675381257,0.14498910675381257
random_forest,B12,point,0.5,10,True,0.8697222222222221,False,0.14498910675381257,0.14498910675381257
random_forest,B12,point,0.5,20,True,0.8697222222222221,False,0.14498910675381257,0.14498910675381257
random_forest,B12,lower_bound,0.5,5,True,2.326388888888889,False,0.7162309368191722,0.7162309368191722
random_forest,B12,lower_bound,0.5,10,True,2.326388888888889,False,0.7162309368191722,0.7162309368191722
random_forest,B12,lower_bound,0.5,20,True,2.326388888888889,False,0.7162309368191722,0.7162309368191722
random_forest,B12,point,1.0,5,True,0.939722222222222,True,0.0,5.0
random_forest,B12,point,1.0,10,True,0.939722222222222,True,0.0,10.0
random_forest,B12,point,1.0,20,True,0.939722222222222,True,0.0,20.0
random_forest,B12,lower_bound,1.0,5,True,2.333055555555555,False,0.5227668845315904,0.5227668845315904
random_forest,B12,lower_bound,1.0,10,True,2.333055555555555,False,0.5227668845315904,0.5227668845315904
random_forest,B12,lower_bound,1.0,20,True,2.333055555555555,False,0.5227668845315904,0.5227668845315904
random_forest,B12,point,2.0,5,True,2.3030555555555554,False,0.11884531590413938,0.11884531590413938
random_forest,B12,point,2.0,10,True,2.3030555555555554,False,0.11884531590413938,0.11884531590413938
random_forest,B12,point,2.0,20,True,2.3030555555555554,False,0.11884531590413938,0.11884531590413938
random_forest,B12,lower_bound,2.0,5,True,2.3430555555555554,False,0.13453159041394333,0.13453159041394333
random_forest,B12,lower_bound,2.0,10,True,2.3430555555555554,False,0.13453159041394333,0.13453159041394333
random_forest,B12,lower_bound,2.0,20,True,2.3430555555555554,False,0.13453159041394333,0.13453159041394333
random_forest,B17,point,0.5,5,False,0.0,True,0.0,5.0
random_forest,B17,point,0.5,10,False,0.0,True,0.0,10.0
random_forest,B17,point,0.5,20,False,0.0,True,0.0,20.0
random_forest,B17,lower_bound,0.5,5,True,13.849444444444444,False,0.8126003956645981,0.8126003956645981
random_forest,B17,lower_bound,0.5,10,True,13.849444444444444,False,0.8126003956645981,0.8126003956645981
random_forest,B17,lower_bound,0.5,20,True,13.849444444444444,False,0.8126003956645981,0.8126003956645981
random_forest,B17,point,1.0,5,True,0.682500000000001,True,0.0,5.0
random_forest,B17,point,1.0,10,True,0.682500000000001,True,0.0,10.0
random_forest,B17,point,1.0,20,True,0.682500000000001,True,0.0,20.0
random_forest,B17,lower_bound,1.0,5,True,13.892777777777775,False,0.7848024213320707,0.7848024213320707
random_forest,B17,lower_bound,1.0,10,True,13.892777777777775,False,0.7848024213320707,0.7848024213320707
random_forest,B17,lower_bound,1.0,20,True,13.892777777777775,False,0.7848024213320707,0.7848024213320707
random_forest,B17,point,2.0,5,True,3.2713888888888896,False,0.07739131905108135,0.07739131905108135
random_forest,B17,point,2.0,10,True,3.2713888888888896,False,0.07739131905108135,0.07739131905108135
random_forest,B17,point,2.0,20,True,3.2713888888888896,False,0.07739131905108135,0.07739131905108135
random_forest,B17,lower_bound,2.0,5,True,14.237222222222222,False,0.7448977866454743,0.7448977866454743
random_forest,B17,lower_bound,2.0,10,True,14.237222222222222,False,0.7448977866454743,0.7448977866454743
random_forest,B17,lower_bound,2.0,20,True,14.237222222222222,False,0.7448977866454743,0.7448977866454743
representation,B02,point,0.5,5,True,0.9883333333333332,False,0.08693932050838235,0.08693932050838235
representation,B02,point,0.5,10,True,0.9883333333333332,False,0.08693932050838235,0.08693932050838235
representation,B02,point,0.5,20,True,0.9883333333333332,False,0.08693932050838235,0.08693932050838235
representation,B02,lower_bound,0.5,5,True,1.3502777777777777,False,0.15137728104445872,0.15137728104445872
representation,B02,lower_bound,0.5,10,True,1.3502777777777777,False,0.15137728104445872,0.15137728104445872
representation,B02,lower_bound,0.5,20,True,1.3502777777777777,False,0.15137728104445872,0.15137728104445872
representation,B02,point,1.0,5,True,1.2494444444444444,False,0.04440927748380395,0.04440927748380395
representation,B02,point,1.0,10,True,1.2494444444444444,False,0.04440927748380395,0.04440927748380395
representation,B02,point,1.0,20,True,1.2494444444444444,False,0.04440927748380395,0.04440927748380395
representation,B02,lower_bound,1.0,5,True,1.3502777777777777,False,0.062360911923248094,0.062360911923248094
representation,B02,lower_bound,1.0,10,True,1.3502777777777777,False,0.062360911923248094,0.062360911923248094
representation,B02,lower_bound,1.0,20,True,1.3502777777777777,False,0.062360911923248094,0.062360911923248094
representation,B02,point,2.0,5,True,1.3247222222222217,True,0.0,5.0
representation,B02,point,2.0,10,True,1.3247222222222217,True,0.0,10.0
representation,B02,point,2.0,20,True,1.3247222222222217,True,0.0,20.0
representation,B02,lower_bound,2.0,5,True,3.3688888888888884,False,0.24370703723851433,0.24370703723851433
representation,B02,lower_bound,2.0,10,True,3.3688888888888884,False,0.24370703723851433,0.24370703723851433
representation,B02,lower_bound,2.0,20,True,3.3688888888888884,False,0.24370703723851433,0.24370703723851433
representation,B03,point,0.5,5,False,0.0,True,0.0,5.0
representation,B03,point,0.5,10,False,0.0,True,0.0,10.0
representation,B03,point,0.5,20,False,0.0,True,0.0,20.0
representation,B03,lower_bound,0.5,5,True,0.7994444444444446,False,0.09311566036106078,0.09311566036106078
representation,B03,lower_bound,0.5,10,True,0.7994444444444446,False,0.09311566036106078,0.09311566036106078
representation,B03,lower_bound,0.5,20,True,0.7994444444444446,False,0.09311566036106078,0.09311566036106078
representation,B03,point,1.0,5,True,0.2705555555555556,True,0.0,5.0
representation,B03,point,1.0,10,True,0.2705555555555556,True,0.0,10.0
representation,B03,point,1.0,20,True,0.2705555555555556,True,0.0,20.0
representation,B03,lower_bound,1.0,5,True,1.3480555555555556,False,0.10823183899110306,0.10823183899110306
representation,B03,lower_bound,1.0,10,True,1.3480555555555556,False,0.10823183899110306,0.10823183899110306
representation,B03,lower_bound,1.0,20,True,1.3480555555555556,False,0.10823183899110306,0.10823183899110306
representation,B03,point,2.0,5,True,0.3399999999999998,True,0.0,5.0
representation,B03,point,2.0,10,True,0.3399999999999998,True,0.0,10.0
representation,B03,point,2.0,20,True,0.3399999999999998,True,0.0,20.0
representation,B03,lower_bound,2.0,5,True,2.0591666666666666,False,0.018398548846851492,0.018398548846851492
representation,B03,lower_bound,2.0,10,True,2.0591666666666666,False,0.018398548846851492,0.018398548846851492
representation,B03,lower_bound,2.0,20,True,2.0591666666666666,False,0.018398548846851492,0.018398548846851492
representation,B04,point,0.5,5,True,1.7074999999999996,False,0.2119557267541079,0.2119557267541079
representation,B04,point,0.5,10,True,1.7074999999999996,False,0.2119557267541079,0.2119557267541079
representation,B04,point,0.5,20,True,1.7074999999999996,False,0.2119557267541079,0.2119557267541079
representation,B04,lower_bound,0.5,5,True,5.696944444444444,False,0.9122336535179677,0.9122336535179677
representation,B04,lower_bound,0.5,10,True,5.696944444444444,False,0.9122336535179677,0.9122336535179677
representation,B04,lower_bound,0.5,20,True,5.696944444444444,False,0.9122336535179677,0.9122336535179677
representation,B04,point,1.0,5,True,2.7475,False,0.3067433809547028,0.3067433809547028
representation,B04,point,1.0,10,True,2.7475,False,0.3067433809547028,0.3067433809547028
representation,B04,point,1.0,20,True,2.7475,False,0.3067433809547028,0.3067433809547028
representation,B04,lower_bound,1.0,5,True,5.696944444444444,False,0.8244673070359354,0.8244673070359354
representation,B04,lower_bound,1.0,10,True,5.696944444444444,False,0.8244673070359354,0.8244673070359354
representation,B04,lower_bound,1.0,20,True,5.696944444444444,False,0.8244673070359354,0.8244673070359354
representation,B04,point,2.0,5,True,3.875555555555555,False,0.3292213174703788,0.3292213174703788
representation,B04,point,2.0,10,True,3.875555555555555,False,0.3292213174703788,0.3292213174703788
representation,B04,point,2.0,20,True,3.875555555555555,False,0.3292213174703788,0.3292213174703788
representation,B04,lower_bound,2.0,5,True,5.696944444444444,False,0.6489346140718709,0.6489346140718709
representation,B04,lower_bound,2.0,10,True,5.696944444444444,False,0.6489346140718709,0.6489346140718709
representation,B04,lower_bound,2.0,20,True,5.696944444444444,False,0.6489346140718709,0.6489346140718709
representation,B08,point,0.5,5,True,3.3627777777777776,False,0.2694519974900648,0.2694519974900648
representation,B08,point,0.5,10,True,3.3627777777777776,False,0.2694519974900648,0.2694519974900648
representation,B08,point,0.5,20,True,3.3627777777777776,False,0.2694519974900648,0.2694519974900648
representation,B08,lower_bound,0.5,5,True,10.34,False,0.9261660740430873,0.9261660740430873
representation,B08,lower_bound,0.5,10,True,10.34,False,0.9261660740430873,0.9261660740430873
representation,B08,lower_bound,0.5,20,True,10.34,False,0.9261660740430873,0.9261660740430873
representation,B08,point,1.0,5,True,3.437222222222222,False,0.229397615561598,0.229397615561598
representation,B08,point,1.0,10,True,3.437222222222222,False,0.229397615561598,0.229397615561598
representation,B08,point,1.0,20,True,3.437222222222222,False,0.229397615561598,0.229397615561598
representation,B08,lower_bound,1.0,5,True,10.34,False,0.8791047897929304,0.8791047897929304
representation,B08,lower_bound,1.0,10,True,10.34,False,0.8791047897929304,0.8791047897929304
representation,B08,lower_bound,1.0,20,True,10.34,False,0.8791047897929304,0.8791047897929304
representation,B08,point,2.0,5,True,5.041666666666667,False,0.2862894791884543,0.2862894791884543
representation,B08,point,2.0,10,True,5.041666666666667,False,0.2862894791884543,0.2862894791884543
representation,B08,point,2.0,20,True,5.041666666666667,False,0.2862894791884543,0.2862894791884543
representation,B08,lower_bound,2.0,5,True,10.624444444444444,False,0.8117548629993725,0.8117548629993725
representation,B08,lower_bound,2.0,10,True,10.624444444444444,False,0.8117548629993725,0.8117548629993725
representation,B08,lower_bound,2.0,20,True,10.624444444444444,False,0.8117548629993725,0.8117548629993725
representation,B10,point,0.5,5,True,1.2427777777777784,False,0.039102142282664364,0.039102142282664364
representation,B10,point,0.5,10,True,1.2427777777777784,False,0.039102142282664364,0.039102142282664364
representation,B10,point,0.5,20,True,1.2427777777777784,False,0.039102142282664364,0.039102142282664364
representation,B10,lower_bound,0.5,5,True,6.91,False,0.33744242158368065,0.33744242158368065
representation,B10,lower_bound,0.5,10,True,6.91,False,0.33744242158368065,0.33744242158368065
representation,B10,lower_bound,0.5,20,True,6.91,False,0.33744242158368065,0.33744242158368065
representation,B10,point,1.0,5,True,3.054444444444444,False,0.10815237259632958,0.10815237259632958
representation,B10,point,1.0,10,True,3.054444444444444,False,0.10815237259632958,0.10815237259632958
representation,B10,point,1.0,20,True,3.054444444444444,False,0.10815237259632958,0.10815237259632958
representation,B10,lower_bound,1.0,5,True,18.155,False,0.9030927835051547,0.9030927835051547
representation,B10,lower_bound,1.0,10,True,18.155,False,0.9030927835051547,0.9030927835051547
representation,B10,lower_bound,1.0,20,True,18.155,False,0.9030927835051547,0.9030927835051547
representation,B10,point,2.0,5,True,3.1075,False,0.058302259267383194,0.058302259267383194
representation,B10,point,2.0,10,True,3.1075,False,0.058302259267383194,0.058302259267383194
representation,B10,point,2.0,20,True,3.1075,False,0.058302259267383194,0.058302259267383194
representation,B10,lower_bound,2.0,5,True,18.9925,False,0.8945382759377056,0.8945382759377056
representation,B10,lower_bound,2.0,10,True,18.9925,False,0.8945382759377056,0.8945382759377056
representation,B10,lower_bound,2.0,20,True,18.9925,False,0.8945382759377056,0.8945382759377056
representation,B11,point,0.5,5,True,0.3116666666666656,True,0.0,5.0
representation,B11,point,0.5,10,True,0.3116666666666656,True,0.0,10.0
representation,B11,point,0.5,20,True,0.3116666666666656,True,0.0,20.0
representation,B11,lower_bound,0.5,5,True,6.774722222222222,False,0.70969870244117,0.70969870244117
representation,B11,lower_bound,0.5,10,True,6.774722222222222,False,0.70969870244117,0.70969870244117
representation,B11,lower_bound,0.5,20,True,6.774722222222222,False,0.70969870244117,0.70969870244117
representation,B11,point,1.0,5,True,0.5502777777777776,True,0.0,5.0
representation,B11,point,1.0,10,True,0.5502777777777776,True,0.0,10.0
representation,B11,point,1.0,20,True,0.5502777777777776,True,0.0,20.0
representation,B11,lower_bound,1.0,5,True,7.267222222222221,False,0.7088504194288228,0.7088504194288228
representation,B11,lower_bound,1.0,10,True,7.267222222222221,False,0.7088504194288228,0.7088504194288228
representation,B11,lower_bound,1.0,20,True,7.267222222222221,False,0.7088504194288228,0.7088504194288228
representation,B11,point,2.0,5,True,0.7186111111111106,True,0.0,5.0
representation,B11,point,2.0,10,True,0.7186111111111106,True,0.0,10.0
representation,B11,point,2.0,20,True,0.7186111111111106,True,0.0,20.0
representation,B11,lower_bound,2.0,5,True,8.269166666666665,False,0.709070344654246,0.709070344654246
representation,B11,lower_bound,2.0,10,True,8.269166666666665,False,0.709070344654246,0.709070344654246
representation,B11,lower_bound,2.0,20,True,8.269166666666665,False,0.709070344654246,0.709070344654246
representation,B12,point,0.5,5,True,1.9438888888888888,False,0.5662309368191721,0.5662309368191721
representation,B12,point,0.5,10,True,1.9438888888888888,False,0.5662309368191721,0.5662309368191721
representation,B12,point,0.5,20,True,1.9438888888888888,False,0.5662309368191721,0.5662309368191721
representation,B12,lower_bound,0.5,5,True,2.313055555555555,False,0.7110021786492374,0.7110021786492374
representation,B12,lower_bound,0.5,10,True,2.313055555555555,False,0.7110021786492374,0.7110021786492374
representation,B12,lower_bound,0.5,20,True,2.313055555555555,False,0.7110021786492374,0.7110021786492374
representation,B12,point,1.0,5,True,2.0669444444444443,False,0.41840958605664486,0.41840958605664486
representation,B12,point,1.0,10,True,2.0669444444444443,False,0.41840958605664486,0.41840958605664486
representation,B12,point,1.0,20,True,2.0669444444444443,False,0.41840958605664486,0.41840958605664486
representation,B12,lower_bound,1.0,5,True,2.326388888888889,False,0.5201525054466231,0.5201525054466231
representation,B12,lower_bound,1.0,10,True,2.326388888888889,False,0.5201525054466231,0.5201525054466231
representation,B12,lower_bound,1.0,20,True,2.326388888888889,False,0.5201525054466231,0.5201525054466231
representation,B12,point,2.0,5,True,2.113611111111111,False,0.04455337690631808,0.04455337690631808
representation,B12,point,2.0,10,True,2.113611111111111,False,0.04455337690631808,0.04455337690631808
representation,B12,point,2.0,20,True,2.113611111111111,False,0.04455337690631808,0.04455337690631808
representation,B12,lower_bound,2.0,5,True,2.326388888888889,False,0.12799564270152505,0.12799564270152505
representation,B12,lower_bound,2.0,10,True,2.326388888888889,False,0.12799564270152505,0.12799564270152505
representation,B12,lower_bound,2.0,20,True,2.326388888888889,False,0.12799564270152505,0.12799564270152505
representation,B17,point,0.5,5,False,0.0,True,0.0,5.0
representation,B17,point,0.5,10,False,0.0,True,0.0,10.0
representation,B17,point,0.5,20,False,0.0,True,0.0,20.0
representation,B17,lower_bound,0.5,5,True,7.264166666666666,False,0.4117448132429279,0.4117448132429279
representation,B17,lower_bound,0.5,10,True,7.264166666666666,False,0.4117448132429279,0.4117448132429279
representation,B17,lower_bound,0.5,20,True,7.264166666666666,False,0.4117448132429279,0.4117448132429279
representation,B17,point,1.0,5,True,2.588055555555556,False,0.09666728665392878,0.09666728665392878
representation,B17,point,1.0,10,True,2.588055555555556,False,0.09666728665392878,0.09666728665392878
representation,B17,point,1.0,20,True,2.588055555555556,False,0.09666728665392878,0.09666728665392878
representation,B17,lower_bound,1.0,5,True,9.075,False,0.4915371738726095,0.4915371738726095
representation,B17,lower_bound,1.0,10,True,9.075,False,0.4915371738726095,0.4915371738726095
representation,B17,lower_bound,1.0,20,True,9.075,False,0.4915371738726095,0.4915371738726095
representation,B17,point,2.0,5,True,3.9877777777777776,False,0.1209989685666458,0.1209989685666458
representation,B17,point,2.0,10,True,3.9877777777777776,False,0.1209989685666458,0.1209989685666458
representation,B17,point,2.0,20,True,3.9877777777777776,False,0.1209989685666458,0.1209989685666458
representation,B17,lower_bound,2.0,5,True,9.727777777777778,False,0.47040124448352244,0.47040124448352244
representation,B17,lower_bound,2.0,10,True,9.727777777777778,False,0.47040124448352244,0.47040124448352244
representation,B17,lower_bound,2.0,20,True,9.727777777777778,False,0.47040124448352244,0.47040124448352244
standard_boosting,B02,point,0.5,5,False,0.0,True,0.0,5.0
standard_boosting,B02,point,0.5,10,False,0.0,True,0.0,10.0
standard_boosting,B02,point,0.5,20,False,0.0,True,0.0,20.0
standard_boosting,B02,lower_bound,0.5,5,True,1.3294444444444444,False,0.1476682656644083,0.1476682656644083
standard_boosting,B02,lower_bound,0.5,10,True,1.3294444444444444,False,0.1476682656644083,0.1476682656644083
standard_boosting,B02,lower_bound,0.5,20,True,1.3294444444444444,False,0.1476682656644083,0.1476682656644083
standard_boosting,B02,point,1.0,5,True,1.1430555555555548,False,0.025468572276346243,0.025468572276346243
standard_boosting,B02,point,1.0,10,True,1.1430555555555548,False,0.025468572276346243,0.025468572276346243
standard_boosting,B02,point,1.0,20,True,1.1430555555555548,False,0.025468572276346243,0.025468572276346243
standard_boosting,B02,lower_bound,1.0,5,True,1.3341666666666665,False,0.05949260669600907,0.05949260669600907
standard_boosting,B02,lower_bound,1.0,10,True,1.3341666666666665,False,0.05949260669600907,0.05949260669600907
standard_boosting,B02,lower_bound,1.0,20,True,1.3341666666666665,False,0.05949260669600907,0.05949260669600907
standard_boosting,B02,point,2.0,5,True,1.2233333333333327,True,0.0,5.0
standard_boosting,B02,point,2.0,10,True,1.2233333333333327,True,0.0,10.0
standard_boosting,B02,point,2.0,20,True,1.2233333333333327,True,0.0,20.0
standard_boosting,B02,lower_bound,2.0,5,True,3.204722222222222,False,0.21447999604371687,0.21447999604371687
standard_boosting,B02,lower_bound,2.0,10,True,3.204722222222222,False,0.21447999604371687,0.21447999604371687
standard_boosting,B02,lower_bound,2.0,20,True,3.204722222222222,False,0.21447999604371687,0.21447999604371687
standard_boosting,B03,point,0.5,5,True,0.0566666666666666,True,0.0,5.0
standard_boosting,B03,point,0.5,10,True,0.0566666666666666,True,0.0,10.0
standard_boosting,B03,point,0.5,20,True,0.0566666666666666,True,0.0,20.0
standard_boosting,B03,lower_bound,0.5,5,True,2.991111111111111,False,0.774639371166969,0.774639371166969
standard_boosting,B03,lower_bound,0.5,10,True,2.991111111111111,False,0.774639371166969,0.774639371166969
standard_boosting,B03,lower_bound,0.5,20,True,2.991111111111111,False,0.774639371166969,0.774639371166969
standard_boosting,B03,point,1.0,5,True,0.1813888888888888,True,0.0,5.0
standard_boosting,B03,point,1.0,10,True,0.1813888888888888,True,0.0,10.0
standard_boosting,B03,point,1.0,20,True,0.1813888888888888,True,0.0,20.0
standard_boosting,B03,lower_bound,1.0,5,True,2.991111111111111,False,0.6191586766865337,0.6191586766865337
standard_boosting,B03,lower_bound,1.0,10,True,2.991111111111111,False,0.6191586766865337,0.6191586766865337
standard_boosting,B03,lower_bound,1.0,20,True,2.991111111111111,False,0.6191586766865337,0.6191586766865337
standard_boosting,B03,point,2.0,5,True,0.3344444444444443,True,0.0,5.0
standard_boosting,B03,point,2.0,10,True,0.3344444444444443,True,0.0,10.0
standard_boosting,B03,point,2.0,20,True,0.3344444444444443,True,0.0,20.0
standard_boosting,B03,lower_bound,2.0,5,True,3.0119444444444445,False,0.3146756499956811,0.3146756499956811
standard_boosting,B03,lower_bound,2.0,10,True,3.0119444444444445,False,0.3146756499956811,0.3146756499956811
standard_boosting,B03,lower_bound,2.0,20,True,3.0119444444444445,False,0.3146756499956811,0.3146756499956811
standard_boosting,B04,point,0.5,5,True,0.9491666666666668,False,0.07884343458969237,0.07884343458969237
standard_boosting,B04,point,0.5,10,True,0.9491666666666668,False,0.07884343458969237,0.07884343458969237
standard_boosting,B04,point,0.5,20,True,0.9491666666666668,False,0.07884343458969237,0.07884343458969237
standard_boosting,B04,lower_bound,0.5,5,True,5.696944444444444,False,0.9122336535179677,0.9122336535179677
standard_boosting,B04,lower_bound,0.5,10,True,5.696944444444444,False,0.9122336535179677,0.9122336535179677
standard_boosting,B04,lower_bound,0.5,20,True,5.696944444444444,False,0.9122336535179677,0.9122336535179677
standard_boosting,B04,point,1.0,5,True,1.2038888888888888,False,0.035789165732117593,0.035789165732117593
standard_boosting,B04,point,1.0,10,True,1.2038888888888888,False,0.035789165732117593,0.035789165732117593
standard_boosting,B04,point,1.0,20,True,1.2038888888888888,False,0.035789165732117593,0.035789165732117593
standard_boosting,B04,lower_bound,1.0,5,True,5.696944444444444,False,0.8244673070359354,0.8244673070359354
standard_boosting,B04,lower_bound,1.0,10,True,5.696944444444444,False,0.8244673070359354,0.8244673070359354
standard_boosting,B04,lower_bound,1.0,20,True,5.696944444444444,False,0.8244673070359354,0.8244673070359354
standard_boosting,B04,point,2.0,5,True,1.9952777777777773,True,0.0,5.0
standard_boosting,B04,point,2.0,10,True,1.9952777777777773,True,0.0,10.0
standard_boosting,B04,point,2.0,20,True,1.9952777777777773,True,0.0,20.0
standard_boosting,B04,lower_bound,2.0,5,True,5.696944444444444,False,0.6489346140718709,0.6489346140718709
standard_boosting,B04,lower_bound,2.0,10,True,5.696944444444444,False,0.6489346140718709,0.6489346140718709
standard_boosting,B04,lower_bound,2.0,20,True,5.696944444444444,False,0.6489346140718709,0.6489346140718709
standard_boosting,B08,point,0.5,5,True,1.3288888888888888,False,0.07801715122359339,0.07801715122359339
standard_boosting,B08,point,0.5,10,True,1.3288888888888888,False,0.07801715122359339,0.07801715122359339
standard_boosting,B08,point,0.5,20,True,1.3288888888888888,False,0.07801715122359339,0.07801715122359339
standard_boosting,B08,lower_bound,0.5,5,True,10.34,False,0.9261660740430873,0.9261660740430873
standard_boosting,B08,lower_bound,0.5,10,True,10.34,False,0.9261660740430873,0.9261660740430873
standard_boosting,B08,lower_bound,0.5,20,True,10.34,False,0.9261660740430873,0.9261660740430873
standard_boosting,B08,point,1.0,5,True,1.5588888888888892,False,0.052604057728508714,0.052604057728508714
standard_boosting,B08,point,1.0,10,True,1.5588888888888892,False,0.052604057728508714,0.052604057728508714
standard_boosting,B08,point,1.0,20,True,1.5588888888888892,False,0.052604057728508714,0.052604057728508714
standard_boosting,B08,lower_bound,1.0,5,True,10.624444444444444,False,0.9058774314996862,0.9058774314996862
standard_boosting,B08,lower_bound,1.0,10,True,10.624444444444444,False,0.9058774314996862,0.9058774314996862
standard_boosting,B08,lower_bound,1.0,20,True,10.624444444444444,False,0.9058774314996862,0.9058774314996862
standard_boosting,B08,point,2.0,5,True,9.934722222222222,False,0.7468364358920727,0.7468364358920727
standard_boosting,B08,point,2.0,10,True,9.934722222222222,False,0.7468364358920727,0.7468364358920727
standard_boosting,B08,point,2.0,20,True,9.934722222222222,False,0.7468364358920727,0.7468364358920727
standard_boosting,B08,lower_bound,2.0,5,True,10.624444444444444,False,0.8117548629993725,0.8117548629993725
standard_boosting,B08,lower_bound,2.0,10,True,10.624444444444444,False,0.8117548629993725,0.8117548629993725
standard_boosting,B08,lower_bound,2.0,20,True,10.624444444444444,False,0.8117548629993725,0.8117548629993725
standard_boosting,B10,point,0.5,5,True,0.2619444444444454,True,0.0,5.0
standard_boosting,B10,point,0.5,10,True,0.2619444444444454,True,0.0,10.0
standard_boosting,B10,point,0.5,20,True,0.2619444444444454,True,0.0,20.0
standard_boosting,B10,lower_bound,0.5,5,True,18.87,False,0.9670541785479272,0.9670541785479272
standard_boosting,B10,lower_bound,0.5,10,True,18.87,False,0.9670541785479272,0.9670541785479272
standard_boosting,B10,lower_bound,0.5,20,True,18.87,False,0.9670541785479272,0.9670541785479272
standard_boosting,B10,point,1.0,5,True,1.6227777777777774,False,0.032784967463625046,0.032784967463625046
standard_boosting,B10,point,1.0,10,True,1.6227777777777774,False,0.032784967463625046,0.032784967463625046
standard_boosting,B10,point,1.0,20,True,1.6227777777777774,False,0.032784967463625046,0.032784967463625046
standard_boosting,B10,lower_bound,1.0,5,True,18.995833333333334,False,0.9473568765080062,0.9473568765080062
standard_boosting,B10,lower_bound,1.0,10,True,18.995833333333334,False,0.9473568765080062,0.9473568765080062
standard_boosting,B10,lower_bound,1.0,20,True,18.995833333333334,False,0.9473568765080062,0.9473568765080062
standard_boosting,B10,point,2.0,5,True,2.82777777777778,False,0.04357680777948393,0.04357680777948393
standard_boosting,B10,point,2.0,10,True,2.82777777777778,False,0.04357680777948393,0.04357680777948393
standard_boosting,B10,point,2.0,20,True,2.82777777777778,False,0.04357680777948393,0.04357680777948393
standard_boosting,B10,lower_bound,2.0,5,True,18.995833333333334,False,0.8947137530160123,0.8947137530160123
standard_boosting,B10,lower_bound,2.0,10,True,18.995833333333334,False,0.8947137530160123,0.8947137530160123
standard_boosting,B10,lower_bound,2.0,20,True,18.995833333333334,False,0.8947137530160123,0.8947137530160123
standard_boosting,B11,point,0.5,5,False,0.0,True,0.0,5.0
standard_boosting,B11,point,0.5,10,False,0.0,True,0.0,10.0
standard_boosting,B11,point,0.5,20,False,0.0,True,0.0,20.0
standard_boosting,B11,lower_bound,0.5,5,True,0.7141666666666655,False,0.024223192685915232,0.024223192685915232
standard_boosting,B11,lower_bound,0.5,10,True,0.7141666666666655,False,0.024223192685915232,0.024223192685915232
standard_boosting,B11,lower_bound,0.5,20,True,0.7141666666666655,False,0.024223192685915232,0.024223192685915232
standard_boosting,B11,point,1.0,5,False,0.0,True,0.0,5.0
standard_boosting,B11,point,1.0,10,False,0.0,True,0.0,10.0
standard_boosting,B11,point,1.0,20,False,0.0,True,0.0,20.0
standard_boosting,B11,lower_bound,1.0,5,True,0.7141666666666655,True,0.0,5.0
standard_boosting,B11,lower_bound,1.0,10,True,0.7141666666666655,True,0.0,10.0
standard_boosting,B11,lower_bound,1.0,20,True,0.7141666666666655,True,0.0,20.0
standard_boosting,B11,point,2.0,5,True,0.4072222222222219,True,0.0,5.0
standard_boosting,B11,point,2.0,10,True,0.4072222222222219,True,0.0,10.0
standard_boosting,B11,point,2.0,20,True,0.4072222222222219,True,0.0,20.0
standard_boosting,B11,lower_bound,2.0,5,True,0.7141666666666655,True,0.0,5.0
standard_boosting,B11,lower_bound,2.0,10,True,0.7141666666666655,True,0.0,10.0
standard_boosting,B11,lower_bound,2.0,20,True,0.7141666666666655,True,0.0,20.0
standard_boosting,B12,point,0.5,5,False,0.0,True,0.0,5.0
standard_boosting,B12,point,0.5,10,False,0.0,True,0.0,10.0
standard_boosting,B12,point,0.5,20,False,0.0,True,0.0,20.0
standard_boosting,B12,lower_bound,0.5,5,True,1.0194444444444444,False,0.2037037037037037,0.2037037037037037
standard_boosting,B12,lower_bound,0.5,10,True,1.0194444444444444,False,0.2037037037037037,0.2037037037037037
standard_boosting,B12,lower_bound,0.5,20,True,1.0194444444444444,False,0.2037037037037037,0.2037037037037037
standard_boosting,B12,point,1.0,5,False,0.0,True,0.0,5.0
standard_boosting,B12,point,1.0,10,False,0.0,True,0.0,10.0
standard_boosting,B12,point,1.0,20,False,0.0,True,0.0,20.0
standard_boosting,B12,lower_bound,1.0,5,True,1.198888888888889,False,0.07799564270152506,0.07799564270152506
standard_boosting,B12,lower_bound,1.0,10,True,1.198888888888889,False,0.07799564270152506,0.07799564270152506
standard_boosting,B12,lower_bound,1.0,20,True,1.198888888888889,False,0.07799564270152506,0.07799564270152506
standard_boosting,B12,point,2.0,5,True,0.6569444444444443,True,0.0,5.0
standard_boosting,B12,point,2.0,10,True,0.6569444444444443,True,0.0,10.0
standard_boosting,B12,point,2.0,20,True,0.6569444444444443,True,0.0,20.0
standard_boosting,B12,lower_bound,2.0,5,True,2.073611111111111,False,0.028867102396514147,0.028867102396514147
standard_boosting,B12,lower_bound,2.0,10,True,2.073611111111111,False,0.028867102396514147,0.028867102396514147
standard_boosting,B12,lower_bound,2.0,20,True,2.073611111111111,False,0.028867102396514147,0.028867102396514147
standard_boosting,B17,point,0.5,5,False,0.0,True,0.0,5.0
standard_boosting,B17,point,0.5,10,False,0.0,True,0.0,10.0
standard_boosting,B17,point,0.5,20,False,0.0,True,0.0,20.0
standard_boosting,B17,lower_bound,0.5,5,True,10.377777777777778,False,0.6012749192607497,0.6012749192607497
standard_boosting,B17,lower_bound,0.5,10,True,10.377777777777778,False,0.6012749192607497,0.6012749192607497
standard_boosting,B17,lower_bound,0.5,20,True,10.377777777777778,False,0.6012749192607497,0.6012749192607497
standard_boosting,B17,point,1.0,5,True,0.3177777777777777,True,0.0,5.0
standard_boosting,B17,point,1.0,10,True,0.3177777777777777,True,0.0,10.0
standard_boosting,B17,point,1.0,20,True,0.3177777777777777,True,0.0,20.0
standard_boosting,B17,lower_bound,1.0,5,True,10.460555555555556,False,0.5758779865068228,0.5758779865068228
standard_boosting,B17,lower_bound,1.0,10,True,10.460555555555556,False,0.5758779865068228,0.5758779865068228
standard_boosting,B17,lower_bound,1.0,20,True,10.460555555555556,False,0.5758779865068228,0.5758779865068228
standard_boosting,B17,point,2.0,5,True,3.265000000000001,False,0.07700241795032217,0.07700241795032217
standard_boosting,B17,point,2.0,10,True,3.265000000000001,False,0.07700241795032217,0.07700241795032217
standard_boosting,B17,point,2.0,20,True,3.265000000000001,False,0.07700241795032217,0.07700241795032217
standard_boosting,B17,lower_bound,2.0,5,True,13.892777777777775,False,0.7239309446914998,0.7239309446914998
standard_boosting,B17,lower_bound,2.0,10,True,13.892777777777775,False,0.7239309446914998,0.7239309446914998
standard_boosting,B17,lower_bound,2.0,20,True,13.892777777777775,False,0.7239309446914998,0.7239309446914998
subspace_ridge,B02,point,0.5,5,True,1.2080555555555552,False,0.12605706938331432,0.12605706938331432
subspace_ridge,B02,point,0.5,10,True,1.2080555555555552,False,0.12605706938331432,0.12605706938331432
subspace_ridge,B02,point,0.5,20,True,1.2080555555555552,False,0.12605706938331432,0.12605706938331432
subspace_ridge,B02,lower_bound,0.5,5,True,5.102777777777778,False,0.8194451312991445,0.8194451312991445
subspace_ridge,B02,lower_bound,0.5,10,True,5.102777777777778,False,0.8194451312991445,0.8194451312991445
subspace_ridge,B02,lower_bound,0.5,20,True,5.102777777777778,False,0.8194451312991445,0.8194451312991445
subspace_ridge,B02,point,1.0,5,True,1.2233333333333327,False,0.03976064487414064,0.03976064487414064
subspace_ridge,B02,point,1.0,10,True,1.2233333333333327,False,0.03976064487414064,0.03976064487414064
subspace_ridge,B02,point,1.0,20,True,1.2233333333333327,False,0.03976064487414064,0.03976064487414064
subspace_ridge,B02,lower_bound,1.0,5,True,5.215833333333333,False,0.7505563523070076,0.7505563523070076
subspace_ridge,B02,lower_bound,1.0,10,True,5.215833333333333,False,0.7505563523070076,0.7505563523070076
subspace_ridge,B02,lower_bound,1.0,20,True,5.215833333333333,False,0.7505563523070076,0.7505563523070076
subspace_ridge,B02,point,2.0,5,True,1.2675,True,0.0,5.0
subspace_ridge,B02,point,2.0,10,True,1.2675,True,0.0,10.0
subspace_ridge,B02,point,2.0,20,True,1.2675,True,0.0,20.0
subspace_ridge,B02,lower_bound,2.0,5,True,5.296388888888888,False,0.5868651402007813,0.5868651402007813
subspace_ridge,B02,lower_bound,2.0,10,True,5.296388888888888,False,0.5868651402007813,0.5868651402007813
subspace_ridge,B02,lower_bound,2.0,20,True,5.296388888888888,False,0.5868651402007813,0.5868651402007813
subspace_ridge,B03,point,0.5,5,True,0.3083333333333331,True,0.0,5.0
subspace_ridge,B03,point,0.5,10,True,0.3083333333333331,True,0.0,10.0
subspace_ridge,B03,point,0.5,20,True,0.3083333333333331,True,0.0,20.0
subspace_ridge,B03,lower_bound,0.5,5,True,3.2158333333333333,False,0.8445193055195647,0.8445193055195647
subspace_ridge,B03,lower_bound,0.5,10,True,3.2158333333333333,False,0.8445193055195647,0.8445193055195647
subspace_ridge,B03,lower_bound,0.5,20,True,3.2158333333333333,False,0.8445193055195647,0.8445193055195647
subspace_ridge,B03,point,1.0,5,True,0.428611111111111,True,0.0,5.0
subspace_ridge,B03,point,1.0,10,True,0.428611111111111,True,0.0,10.0
subspace_ridge,B03,point,1.0,20,True,0.428611111111111,True,0.0,20.0
subspace_ridge,B03,lower_bound,1.0,5,True,3.2158333333333333,False,0.6890386110391293,0.6890386110391293
subspace_ridge,B03,lower_bound,1.0,10,True,3.2158333333333333,False,0.6890386110391293,0.6890386110391293
subspace_ridge,B03,lower_bound,1.0,20,True,3.2158333333333333,False,0.6890386110391293,0.6890386110391293
subspace_ridge,B03,point,2.0,5,True,1.221666666666667,True,0.0,5.0
subspace_ridge,B03,point,2.0,10,True,1.221666666666667,True,0.0,10.0
subspace_ridge,B03,point,2.0,20,True,1.221666666666667,True,0.0,20.0
subspace_ridge,B03,lower_bound,2.0,5,True,3.2158333333333333,False,0.3780772220782586,0.3780772220782586
subspace_ridge,B03,lower_bound,2.0,10,True,3.2158333333333333,False,0.3780772220782586,0.3780772220782586
subspace_ridge,B03,lower_bound,2.0,20,True,3.2158333333333333,False,0.3780772220782586,0.3780772220782586
subspace_ridge,B04,point,0.5,5,True,5.696944444444444,False,0.9122336535179677,0.9122336535179677
subspace_ridge,B04,point,0.5,10,True,5.696944444444444,False,0.9122336535179677,0.9122336535179677
subspace_ridge,B04,point,0.5,20,True,5.696944444444444,False,0.9122336535179677,0.9122336535179677
subspace_ridge,B04,lower_bound,0.5,5,True,5.696944444444444,False,0.9122336535179677,0.9122336535179677
subspace_ridge,B04,lower_bound,0.5,10,True,5.696944444444444,False,0.9122336535179677,0.9122336535179677
subspace_ridge,B04,lower_bound,0.5,20,True,5.696944444444444,False,0.9122336535179677,0.9122336535179677
subspace_ridge,B04,point,1.0,5,True,5.696944444444444,False,0.8244673070359354,0.8244673070359354
subspace_ridge,B04,point,1.0,10,True,5.696944444444444,False,0.8244673070359354,0.8244673070359354
subspace_ridge,B04,point,1.0,20,True,5.696944444444444,False,0.8244673070359354,0.8244673070359354
subspace_ridge,B04,lower_bound,1.0,5,True,5.696944444444444,False,0.8244673070359354,0.8244673070359354
subspace_ridge,B04,lower_bound,1.0,10,True,5.696944444444444,False,0.8244673070359354,0.8244673070359354
subspace_ridge,B04,lower_bound,1.0,20,True,5.696944444444444,False,0.8244673070359354,0.8244673070359354
subspace_ridge,B04,point,2.0,5,True,5.696944444444444,False,0.6489346140718709,0.6489346140718709
subspace_ridge,B04,point,2.0,10,True,5.696944444444444,False,0.6489346140718709,0.6489346140718709
subspace_ridge,B04,point,2.0,20,True,5.696944444444444,False,0.6489346140718709,0.6489346140718709
subspace_ridge,B04,lower_bound,2.0,5,True,5.696944444444444,False,0.6489346140718709,0.6489346140718709
subspace_ridge,B04,lower_bound,2.0,10,True,5.696944444444444,False,0.6489346140718709,0.6489346140718709
subspace_ridge,B04,lower_bound,2.0,20,True,5.696944444444444,False,0.6489346140718709,0.6489346140718709
subspace_ridge,B08,point,0.5,5,True,3.5841666666666665,False,0.29028968834971763,0.29028968834971763
subspace_ridge,B08,point,0.5,10,True,3.5841666666666665,False,0.29028968834971763,0.29028968834971763
subspace_ridge,B08,point,0.5,20,True,3.5841666666666665,False,0.29028968834971763,0.29028968834971763
subspace_ridge,B08,lower_bound,0.5,5,True,10.624444444444444,False,0.9529387157498431,0.9529387157498431
subspace_ridge,B08,lower_bound,0.5,10,True,10.624444444444444,False,0.9529387157498431,0.9529387157498431
subspace_ridge,B08,lower_bound,0.5,20,True,10.624444444444444,False,0.9529387157498431,0.9529387157498431
subspace_ridge,B08,point,1.0,5,True,3.5841666666666665,False,0.24322840409956076,0.24322840409956076
subspace_ridge,B08,point,1.0,10,True,3.5841666666666665,False,0.24322840409956076,0.24322840409956076
subspace_ridge,B08,point,1.0,20,True,3.5841666666666665,False,0.24322840409956076,0.24322840409956076
subspace_ridge,B08,lower_bound,1.0,5,True,10.624444444444444,False,0.9058774314996862,0.9058774314996862
subspace_ridge,B08,lower_bound,1.0,10,True,10.624444444444444,False,0.9058774314996862,0.9058774314996862
subspace_ridge,B08,lower_bound,1.0,20,True,10.624444444444444,False,0.9058774314996862,0.9058774314996862
subspace_ridge,B08,point,2.0,5,True,4.0938888888888885,False,0.19708220037649024,0.19708220037649024
subspace_ridge,B08,point,2.0,10,True,4.0938888888888885,False,0.19708220037649024,0.19708220037649024
subspace_ridge,B08,point,2.0,20,True,4.0938888888888885,False,0.19708220037649024,0.19708220037649024
subspace_ridge,B08,lower_bound,2.0,5,True,10.624444444444444,False,0.8117548629993725,0.8117548629993725
subspace_ridge,B08,lower_bound,2.0,10,True,10.624444444444444,False,0.8117548629993725,0.8117548629993725
subspace_ridge,B08,lower_bound,2.0,20,True,10.624444444444444,False,0.8117548629993725,0.8117548629993725
subspace_ridge,B10,point,0.5,5,True,2.850555555555556,False,0.12374058638590338,0.12374058638590338
subspace_ridge,B10,point,0.5,10,True,2.850555555555556,False,0.12374058638590338,0.12374058638590338
subspace_ridge,B10,point,0.5,20,True,2.850555555555556,False,0.12374058638590338,0.12374058638590338
subspace_ridge,B10,lower_bound,0.5,5,True,4.916111111111112,False,0.2324778825765885,0.2324778825765885
subspace_ridge,B10,lower_bound,0.5,10,True,4.916111111111112,False,0.2324778825765885,0.2324778825765885
subspace_ridge,B10,lower_bound,0.5,20,True,4.916111111111112,False,0.2324778825765885,0.2324778825765885
subspace_ridge,B10,point,1.0,5,True,2.860833333333332,False,0.09796007896468517,0.09796007896468517
subspace_ridge,B10,point,1.0,10,True,2.860833333333332,False,0.09796007896468517,0.09796007896468517
subspace_ridge,B10,point,1.0,20,True,2.860833333333332,False,0.09796007896468517,0.09796007896468517
subspace_ridge,B10,lower_bound,1.0,5,True,5.888055555555555,False,0.2573225122468377,0.2573225122468377
subspace_ridge,B10,lower_bound,1.0,10,True,5.888055555555555,False,0.2573225122468377,0.2573225122468377
subspace_ridge,B10,lower_bound,1.0,20,True,5.888055555555555,False,0.2573225122468377,0.2573225122468377
subspace_ridge,B10,point,2.0,5,True,3.054444444444444,False,0.055509249104335724,0.055509249104335724
subspace_ridge,B10,point,2.0,10,True,3.054444444444444,False,0.055509249104335724,0.055509249104335724
subspace_ridge,B10,point,2.0,20,True,3.054444444444444,False,0.055509249104335724,0.055509249104335724
subspace_ridge,B10,lower_bound,2.0,5,True,8.633888888888889,False,0.3492286320099437,0.3492286320099437
subspace_ridge,B10,lower_bound,2.0,10,True,8.633888888888889,False,0.3492286320099437,0.3492286320099437
subspace_ridge,B10,lower_bound,2.0,20,True,8.633888888888889,False,0.3492286320099437,0.3492286320099437
subspace_ridge,B11,point,0.5,5,True,0.5602777777777774,False,0.006817681988123999,0.006817681988123999
subspace_ridge,B11,point,0.5,10,True,0.5602777777777774,False,0.006817681988123999,0.006817681988123999
subspace_ridge,B11,point,0.5,20,True,0.5602777777777774,False,0.006817681988123999,0.006817681988123999
subspace_ridge,B11,lower_bound,0.5,5,True,8.0825,False,0.85761412548305,0.85761412548305
subspace_ridge,B11,lower_bound,0.5,10,True,8.0825,False,0.85761412548305,0.85761412548305
subspace_ridge,B11,lower_bound,0.5,20,True,8.0825,False,0.85761412548305,0.85761412548305
subspace_ridge,B11,point,1.0,5,True,0.5919444444444437,True,0.0,5.0
subspace_ridge,B11,point,1.0,10,True,0.5919444444444437,True,0.0,10.0
subspace_ridge,B11,point,1.0,20,True,0.5919444444444437,True,0.0,20.0
subspace_ridge,B11,lower_bound,1.0,5,True,8.375277777777777,False,0.8341763800307895,0.8341763800307895
subspace_ridge,B11,lower_bound,1.0,10,True,8.375277777777777,False,0.8341763800307895,0.8341763800307895
subspace_ridge,B11,lower_bound,1.0,20,True,8.375277777777777,False,0.8341763800307895,0.8341763800307895
subspace_ridge,B11,point,2.0,5,True,0.6194444444444436,True,0.0,5.0
subspace_ridge,B11,point,2.0,10,True,0.6194444444444436,True,0.0,10.0
subspace_ridge,B11,point,2.0,20,True,0.6194444444444436,True,0.0,20.0
subspace_ridge,B11,lower_bound,2.0,5,True,8.642777777777777,False,0.7513274058248767,0.7513274058248767
subspace_ridge,B11,lower_bound,2.0,10,True,8.642777777777777,False,0.7513274058248767,0.7513274058248767
subspace_ridge,B11,lower_bound,2.0,20,True,8.642777777777777,False,0.7513274058248767,0.7513274058248767
subspace_ridge,B12,point,0.5,5,False,0.0,True,0.0,5.0
subspace_ridge,B12,point,0.5,10,False,0.0,True,0.0,10.0
subspace_ridge,B12,point,0.5,20,False,0.0,True,0.0,20.0
subspace_ridge,B12,lower_bound,0.5,5,True,1.0063888888888888,False,0.19858387799564267,0.19858387799564267
subspace_ridge,B12,lower_bound,0.5,10,True,1.0063888888888888,False,0.19858387799564267,0.19858387799564267
subspace_ridge,B12,lower_bound,0.5,20,True,1.0063888888888888,False,0.19858387799564267,0.19858387799564267
subspace_ridge,B12,point,1.0,5,False,0.0,True,0.0,5.0
subspace_ridge,B12,point,1.0,10,False,0.0,True,0.0,10.0
subspace_ridge,B12,point,1.0,20,False,0.0,True,0.0,20.0
subspace_ridge,B12,lower_bound,1.0,5,True,1.036111111111111,False,0.014161220043572936,0.014161220043572936
subspace_ridge,B12,lower_bound,1.0,10,True,1.036111111111111,False,0.014161220043572936,0.014161220043572936
subspace_ridge,B12,lower_bound,1.0,20,True,1.036111111111111,False,0.014161220043572936,0.014161220043572936
subspace_ridge,B12,point,2.0,5,True,0.0366666666666666,True,0.0,5.0
subspace_ridge,B12,point,2.0,10,True,0.0366666666666666,True,0.0,10.0
subspace_ridge,B12,point,2.0,20,True,0.0366666666666666,True,0.0,20.0
subspace_ridge,B12,lower_bound,2.0,5,True,1.741111111111111,True,0.0,5.0
subspace_ridge,B12,lower_bound,2.0,10,True,1.741111111111111,True,0.0,10.0
subspace_ridge,B12,lower_bound,2.0,20,True,1.741111111111111,True,0.0,20.0
subspace_ridge,B17,point,0.5,5,False,0.0,True,0.0,5.0
subspace_ridge,B17,point,0.5,10,False,0.0,True,0.0,10.0
subspace_ridge,B17,point,0.5,20,False,0.0,True,0.0,20.0
subspace_ridge,B17,lower_bound,0.5,5,True,3.453611111111112,False,0.17979066975533053,0.17979066975533053
subspace_ridge,B17,lower_bound,0.5,10,True,3.453611111111112,False,0.17979066975533053,0.17979066975533053
subspace_ridge,B17,lower_bound,0.5,20,True,3.453611111111112,False,0.17979066975533053,0.17979066975533053
subspace_ridge,B17,point,1.0,5,False,0.0,True,0.0,5.0
subspace_ridge,B17,point,1.0,10,False,0.0,True,0.0,10.0
subspace_ridge,B17,point,1.0,20,False,0.0,True,0.0,20.0
subspace_ridge,B17,lower_bound,1.0,5,True,3.489444444444445,False,0.15153615934799888,0.15153615934799888
subspace_ridge,B17,lower_bound,1.0,10,True,3.489444444444445,False,0.15153615934799888,0.15153615934799888
subspace_ridge,B17,lower_bound,1.0,20,True,3.489444444444445,False,0.15153615934799888,0.15153615934799888
subspace_ridge,B17,point,2.0,5,False,0.0,True,0.0,5.0
subspace_ridge,B17,point,2.0,10,False,0.0,True,0.0,10.0
subspace_ridge,B17,point,2.0,20,False,0.0,True,0.0,20.0
subspace_ridge,B17,lower_bound,2.0,5,True,3.57388888888889,False,0.09580494073485404,0.09580494073485404
subspace_ridge,B17,lower_bound,2.0,10,True,3.57388888888889,False,0.09580494073485404,0.09580494073485404
subspace_ridge,B17,lower_bound,2.0,20,True,3.57388888888889,False,0.09580494073485404,0.09580494073485404
tcn,B02,point,0.5,5,True,1.1519444444444442,False,0.11606745462637849,0.11606745462637849
tcn,B02,point,0.5,10,True,1.1519444444444442,False,0.11606745462637849,0.11606745462637849
tcn,B02,point,0.5,20,True,1.1519444444444442,False,0.11606745462637849,0.11606745462637849
tcn,B02,lower_bound,0.5,5,True,1.2986111111111107,False,0.14217892290193357,0.14217892290193357
tcn,B02,lower_bound,0.5,10,True,1.2986111111111107,False,0.14217892290193357,0.14217892290193357
tcn,B02,lower_bound,0.5,20,True,1.2986111111111107,False,0.14217892290193357,0.14217892290193357
tcn,B02,point,1.0,5,True,1.2080555555555552,False,0.037040700262103696,0.037040700262103696
tcn,B02,point,1.0,10,True,1.2080555555555552,False,0.037040700262103696,0.037040700262103696
tcn,B02,point,1.0,20,True,1.2080555555555552,False,0.037040700262103696,0.037040700262103696
tcn,B02,lower_bound,1.0,5,True,1.3097222222222218,False,0.05514069531674984,0.05514069531674984
tcn,B02,lower_bound,1.0,10,True,1.3097222222222218,False,0.05514069531674984,0.05514069531674984
tcn,B02,lower_bound,1.0,20,True,1.3097222222222218,False,0.05514069531674984,0.05514069531674984
tcn,B02,point,2.0,5,True,1.2675,True,0.0,5.0
tcn,B02,point,2.0,10,True,1.2675,True,0.0,10.0
tcn,B02,point,2.0,20,True,1.2675,True,0.0,20.0
tcn,B02,lower_bound,2.0,5,True,1.3247222222222217,True,0.0,5.0
tcn,B02,lower_bound,2.0,10,True,1.3247222222222217,True,0.0,10.0
tcn,B02,lower_bound,2.0,20,True,1.3247222222222217,True,0.0,20.0
tcn,B03,point,0.5,5,True,0.2433333333333331,True,0.0,5.0
tcn,B03,point,0.5,10,True,0.2433333333333331,True,0.0,10.0
tcn,B03,point,0.5,20,True,0.2433333333333331,True,0.0,20.0
tcn,B03,lower_bound,0.5,5,True,1.995,False,0.46488727649650174,0.46488727649650174
tcn,B03,lower_bound,0.5,10,True,1.995,False,0.46488727649650174,0.46488727649650174
tcn,B03,lower_bound,0.5,20,True,1.995,False,0.46488727649650174,0.46488727649650174
tcn,B03,point,1.0,5,True,0.2705555555555556,True,0.0,5.0
tcn,B03,point,1.0,10,True,0.2705555555555556,True,0.0,10.0
tcn,B03,point,1.0,20,True,0.2705555555555556,True,0.0,20.0
tcn,B03,lower_bound,1.0,5,True,3.194722222222222,False,0.6824738706055109,0.6824738706055109
tcn,B03,lower_bound,1.0,10,True,3.194722222222222,False,0.6824738706055109,0.6824738706055109
tcn,B03,lower_bound,1.0,20,True,3.194722222222222,False,0.6824738706055109,0.6824738706055109
tcn,B03,point,2.0,5,True,1.2486111111111111,True,0.0,5.0
tcn,B03,point,2.0,10,True,1.2486111111111111,True,0.0,10.0
tcn,B03,point,2.0,20,True,1.2486111111111111,True,0.0,20.0
tcn,B03,lower_bound,2.0,5,True,3.2158333333333333,False,0.3780772220782586,0.3780772220782586
tcn,B03,lower_bound,2.0,10,True,3.2158333333333333,False,0.3780772220782586,0.3780772220782586
tcn,B03,lower_bound,2.0,20,True,3.2158333333333333,False,0.3780772220782586,0.3780772220782586
tcn,B04,point,0.5,5,True,1.701944444444444,False,0.21098054512652975,0.21098054512652975
tcn,B04,point,0.5,10,True,1.701944444444444,False,0.21098054512652975,0.21098054512652975
tcn,B04,point,0.5,20,True,1.701944444444444,False,0.21098054512652975,0.21098054512652975
tcn,B04,lower_bound,0.5,5,True,5.696944444444444,False,0.9122336535179677,0.9122336535179677
tcn,B04,lower_bound,0.5,10,True,5.696944444444444,False,0.9122336535179677,0.9122336535179677
tcn,B04,lower_bound,0.5,20,True,5.696944444444444,False,0.9122336535179677,0.9122336535179677
tcn,B04,point,1.0,5,True,5.696944444444444,False,0.8244673070359354,0.8244673070359354
tcn,B04,point,1.0,10,True,5.696944444444444,False,0.8244673070359354,0.8244673070359354
tcn,B04,point,1.0,20,True,5.696944444444444,False,0.8244673070359354,0.8244673070359354
tcn,B04,lower_bound,1.0,5,True,5.696944444444444,False,0.8244673070359354,0.8244673070359354
tcn,B04,lower_bound,1.0,10,True,5.696944444444444,False,0.8244673070359354,0.8244673070359354
tcn,B04,lower_bound,1.0,20,True,5.696944444444444,False,0.8244673070359354,0.8244673070359354
tcn,B04,point,2.0,5,True,5.696944444444444,False,0.6489346140718709,0.6489346140718709
tcn,B04,point,2.0,10,True,5.696944444444444,False,0.6489346140718709,0.6489346140718709
tcn,B04,point,2.0,20,True,5.696944444444444,False,0.6489346140718709,0.6489346140718709
tcn,B04,lower_bound,2.0,5,True,5.696944444444444,False,0.6489346140718709,0.6489346140718709
tcn,B04,lower_bound,2.0,10,True,5.696944444444444,False,0.6489346140718709,0.6489346140718709
tcn,B04,lower_bound,2.0,20,True,5.696944444444444,False,0.6489346140718709,0.6489346140718709
tcn,B08,point,0.5,5,True,3.264722222222222,False,0.2602227567454507,0.2602227567454507
tcn,B08,point,0.5,10,True,3.264722222222222,False,0.2602227567454507,0.2602227567454507
tcn,B08,point,0.5,20,True,3.264722222222222,False,0.2602227567454507,0.2602227567454507
tcn,B08,lower_bound,0.5,5,True,10.34,False,0.9261660740430873,0.9261660740430873
tcn,B08,lower_bound,0.5,10,True,10.34,False,0.9261660740430873,0.9261660740430873
tcn,B08,lower_bound,0.5,20,True,10.34,False,0.9261660740430873,0.9261660740430873
tcn,B08,point,1.0,5,True,3.461666666666667,False,0.23169838945827234,0.23169838945827234
tcn,B08,point,1.0,10,True,3.461666666666667,False,0.23169838945827234,0.23169838945827234
tcn,B08,point,1.0,20,True,3.461666666666667,False,0.23169838945827234,0.23169838945827234
tcn,B08,lower_bound,1.0,5,True,10.34,False,0.8791047897929304,0.8791047897929304
tcn,B08,lower_bound,1.0,10,True,10.34,False,0.8791047897929304,0.8791047897929304
tcn,B08,lower_bound,1.0,20,True,10.34,False,0.8791047897929304,0.8791047897929304
tcn,B08,point,2.0,5,True,3.556111111111111,False,0.14646517464965486,0.14646517464965486
tcn,B08,point,2.0,10,True,3.556111111111111,False,0.14646517464965486,0.14646517464965486
tcn,B08,point,2.0,20,True,3.556111111111111,False,0.14646517464965486,0.14646517464965486
tcn,B08,lower_bound,2.0,5,True,10.624444444444444,False,0.8117548629993725,0.8117548629993725
tcn,B08,lower_bound,2.0,10,True,10.624444444444444,False,0.8117548629993725,0.8117548629993725
tcn,B08,lower_bound,2.0,20,True,10.624444444444444,False,0.8117548629993725,0.8117548629993725
tcn,B10,point,0.5,5,True,1.0430555555555543,False,0.028588140674124376,0.028588140674124376
tcn,B10,point,0.5,10,True,1.0430555555555543,False,0.028588140674124376,0.028588140674124376
tcn,B10,point,0.5,20,True,1.0430555555555543,False,0.028588140674124376,0.028588140674124376
tcn,B10,lower_bound,0.5,5,True,4.898888888888889,False,0.23157125100533743,0.23157125100533743
tcn,B10,lower_bound,0.5,10,True,4.898888888888889,False,0.23157125100533743,0.23157125100533743
tcn,B10,lower_bound,0.5,20,True,4.898888888888889,False,0.23157125100533743,0.23157125100533743
tcn,B10,point,1.0,5,True,1.2597222222222229,False,0.01367258901805955,0.01367258901805955
tcn,B10,point,1.0,10,True,1.2597222222222229,False,0.01367258901805955,0.01367258901805955
tcn,B10,point,1.0,20,True,1.2597222222222229,False,0.01367258901805955,0.01367258901805955
tcn,B10,lower_bound,1.0,5,True,18.989444444444445,False,0.9470205454412517,0.9470205454412517
tcn,B10,lower_bound,1.0,10,True,18.989444444444445,False,0.9470205454412517,0.9470205454412517
tcn,B10,lower_bound,1.0,20,True,18.989444444444445,False,0.9470205454412517,0.9470205454412517
tcn,B10,point,2.0,5,True,2.9286111111111097,False,0.048884989398259776,0.048884989398259776
tcn,B10,point,2.0,10,True,2.9286111111111097,False,0.048884989398259776,0.048884989398259776
tcn,B10,point,2.0,20,True,2.9286111111111097,False,0.048884989398259776,0.048884989398259776
tcn,B10,lower_bound,2.0,5,True,18.995833333333334,False,0.8947137530160123,0.8947137530160123
tcn,B10,lower_bound,2.0,10,True,18.995833333333334,False,0.8947137530160123,0.8947137530160123
tcn,B10,lower_bound,2.0,20,True,18.995833333333334,False,0.8947137530160123,0.8947137530160123
tcn,B11,point,0.5,5,True,0.504999999999999,False,0.0005655220082313745,0.0005655220082313745
tcn,B11,point,0.5,10,True,0.504999999999999,False,0.0005655220082313745,0.0005655220082313745
tcn,B11,point,0.5,20,True,0.504999999999999,False,0.0005655220082313745,0.0005655220082313745
tcn,B11,lower_bound,0.5,5,True,5.562222222222221,False,0.5725596154450343,0.5725596154450343
tcn,B11,lower_bound,0.5,10,True,5.562222222222221,False,0.5725596154450343,0.5725596154450343
tcn,B11,lower_bound,0.5,20,True,5.562222222222221,False,0.5725596154450343,0.5725596154450343
tcn,B11,point,1.0,5,True,0.6958333333333329,True,0.0,5.0
tcn,B11,point,1.0,10,True,0.6958333333333329,True,0.0,10.0
tcn,B11,point,1.0,20,True,0.6958333333333329,True,0.0,20.0
tcn,B11,lower_bound,1.0,5,True,5.567499999999999,False,0.5166043545194633,0.5166043545194633
tcn,B11,lower_bound,1.0,10,True,5.567499999999999,False,0.5166043545194633,0.5166043545194633
tcn,B11,lower_bound,1.0,20,True,5.567499999999999,False,0.5166043545194633,0.5166043545194633
tcn,B11,point,2.0,5,True,5.168888888888889,False,0.358415281661378,0.358415281661378
tcn,B11,point,2.0,10,True,5.168888888888889,False,0.358415281661378,0.358415281661378
tcn,B11,point,2.0,20,True,5.168888888888889,False,0.358415281661378,0.358415281661378
tcn,B11,lower_bound,2.0,5,True,5.593611111111111,False,0.40645323447170817,0.40645323447170817
tcn,B11,lower_bound,2.0,10,True,5.593611111111111,False,0.40645323447170817,0.40645323447170817
tcn,B11,lower_bound,2.0,20,True,5.593611111111111,False,0.40645323447170817,0.40645323447170817
tcn,B12,point,0.5,5,True,0.9830555555555552,False,0.18943355119825697,0.18943355119825697
tcn,B12,point,0.5,10,True,0.9830555555555552,False,0.18943355119825697,0.18943355119825697
tcn,B12,point,0.5,20,True,0.9830555555555552,False,0.18943355119825697,0.18943355119825697
tcn,B12,lower_bound,0.5,5,True,2.2066666666666666,False,0.6692810457516339,0.6692810457516339
tcn,B12,lower_bound,0.5,10,True,2.2066666666666666,False,0.6692810457516339,0.6692810457516339
tcn,B12,lower_bound,0.5,20,True,2.2066666666666666,False,0.6692810457516339,0.6692810457516339
tcn,B12,point,1.0,5,True,1.950555555555556,False,0.3727668845315906,0.3727668845315906
tcn,B12,point,1.0,10,True,1.950555555555556,False,0.3727668845315906,0.3727668845315906
tcn,B12,point,1.0,20,True,1.950555555555556,False,0.3727668845315906,0.3727668845315906
tcn,B12,lower_bound,1.0,5,True,2.313055555555555,False,0.5149237472766883,0.5149237472766883
tcn,B12,lower_bound,1.0,10,True,2.313055555555555,False,0.5149237472766883,0.5149237472766883
tcn,B12,lower_bound,1.0,20,True,2.313055555555555,False,0.5149237472766883,0.5149237472766883
tcn,B12,point,2.0,5,True,2.093611111111111,False,0.036710239651416114,0.036710239651416114
tcn,B12,point,2.0,10,True,2.093611111111111,False,0.036710239651416114,0.036710239651416114
tcn,B12,point,2.0,20,True,2.093611111111111,False,0.036710239651416114,0.036710239651416114
tcn,B12,lower_bound,2.0,5,True,2.313055555555555,False,0.12276688453159028,0.12276688453159028
tcn,B12,lower_bound,2.0,10,True,2.313055555555555,False,0.12276688453159028,0.12276688453159028
tcn,B12,lower_bound,2.0,20,True,2.313055555555555,False,0.12276688453159028,0.12276688453159028
tcn,B17,point,0.5,5,True,0.4266666666666658,True,0.0,5.0
tcn,B17,point,0.5,10,True,0.4266666666666658,True,0.0,10.0
tcn,B17,point,0.5,20,True,0.4266666666666658,True,0.0,20.0
tcn,B17,lower_bound,0.5,5,True,9.727777777777778,False,0.5617084594443786,0.5617084594443786
tcn,B17,lower_bound,0.5,10,True,9.727777777777778,False,0.5617084594443786,0.5617084594443786
tcn,B17,lower_bound,0.5,20,True,9.727777777777778,False,0.5617084594443786,0.5617084594443786
tcn,B17,point,1.0,5,True,2.220833333333333,False,0.07431392773203023,0.07431392773203023
tcn,B17,point,1.0,10,True,2.220833333333333,False,0.07431392773203023,0.07431392773203023
tcn,B17,point,1.0,20,True,2.220833333333333,False,0.07431392773203023,0.07431392773203023
tcn,B17,lower_bound,1.0,5,True,10.885555555555555,False,0.6017483640790653,0.6017483640790653
tcn,B17,lower_bound,1.0,10,True,10.885555555555555,False,0.6017483640790653,0.6017483640790653
tcn,B17,lower_bound,1.0,20,True,10.885555555555555,False,0.6017483640790653,0.6017483640790653
tcn,B17,point,2.0,5,True,4.001944444444444,False,0.12186131448572053,0.12186131448572053
tcn,B17,point,2.0,10,True,4.001944444444444,False,0.12186131448572053,0.12186131448572053
tcn,B17,point,2.0,20,True,4.001944444444444,False,0.12186131448572053,0.12186131448572053
tcn,B17,lower_bound,2.0,5,True,12.724444444444444,False,0.6528127694830996,0.6528127694830996
tcn,B17,lower_bound,2.0,10,True,12.724444444444444,False,0.6528127694830996,0.6528127694830996
tcn,B17,lower_bound,2.0,20,True,12.724444444444444,False,0.6528127694830996,0.6528127694830996
time_only,B02,point,0.5,5,False,0.0,True,0.0,5.0
time_only,B02,point,0.5,10,False,0.0,True,0.0,10.0
time_only,B02,point,0.5,20,False,0.0,True,0.0,20.0
time_only,B02,lower_bound,0.5,5,True,0.4186111111111108,True,0.0,5.0
time_only,B02,lower_bound,0.5,10,True,0.4186111111111108,True,0.0,10.0
time_only,B02,lower_bound,0.5,20,True,0.4186111111111108,True,0.0,20.0
time_only,B02,point,1.0,5,False,0.0,True,0.0,5.0
time_only,B02,point,1.0,10,False,0.0,True,0.0,10.0
time_only,B02,point,1.0,20,False,0.0,True,0.0,20.0
time_only,B02,lower_bound,1.0,5,True,0.9174999999999996,True,0.0,5.0
time_only,B02,lower_bound,1.0,10,True,0.9174999999999996,True,0.0,10.0
time_only,B02,lower_bound,1.0,20,True,0.9174999999999996,True,0.0,20.0
time_only,B02,point,2.0,5,False,0.0,True,0.0,5.0
time_only,B02,point,2.0,10,False,0.0,True,0.0,10.0
time_only,B02,point,2.0,20,False,0.0,True,0.0,20.0
time_only,B02,lower_bound,2.0,5,True,1.918333333333333,True,0.0,5.0
time_only,B02,lower_bound,2.0,10,True,1.918333333333333,True,0.0,10.0
time_only,B02,lower_bound,2.0,20,True,1.918333333333333,True,0.0,20.0
time_only,B03,point,0.5,5,False,0.0,True,0.0,5.0
time_only,B03,point,0.5,10,False,0.0,True,0.0,10.0
time_only,B03,point,0.5,20,False,0.0,True,0.0,20.0
time_only,B03,lower_bound,0.5,5,False,0.0,True,0.0,5.0
time_only,B03,lower_bound,0.5,10,False,0.0,True,0.0,10.0
time_only,B03,lower_bound,0.5,20,False,0.0,True,0.0,20.0
time_only,B03,point,1.0,5,False,0.0,True,0.0,5.0
time_only,B03,point,1.0,10,False,0.0,True,0.0,10.0
time_only,B03,point,1.0,20,False,0.0,True,0.0,20.0
time_only,B03,lower_bound,1.0,5,False,0.0,True,0.0,5.0
time_only,B03,lower_bound,1.0,10,False,0.0,True,0.0,10.0
time_only,B03,lower_bound,1.0,20,False,0.0,True,0.0,20.0
time_only,B03,point,2.0,5,False,0.0,True,0.0,5.0
time_only,B03,point,2.0,10,False,0.0,True,0.0,10.0
time_only,B03,point,2.0,20,False,0.0,True,0.0,20.0
time_only,B03,lower_bound,2.0,5,False,0.0,True,0.0,5.0
time_only,B03,lower_bound,2.0,10,False,0.0,True,0.0,10.0
time_only,B03,lower_bound,2.0,20,False,0.0,True,0.0,20.0
time_only,B04,point,0.5,5,True,0.5788888888888888,False,0.01384757911160952,0.01384757911160952
time_only,B04,point,0.5,10,True,0.5788888888888888,False,0.01384757911160952,0.01384757911160952
time_only,B04,point,0.5,20,True,0.5788888888888888,False,0.01384757911160952,0.01384757911160952
time_only,B04,lower_bound,0.5,5,True,5.696944444444444,False,0.9122336535179677,0.9122336535179677
time_only,B04,lower_bound,0.5,10,True,5.696944444444444,False,0.9122336535179677,0.9122336535179677
time_only,B04,lower_bound,0.5,20,True,5.696944444444444,False,0.9122336535179677,0.9122336535179677
time_only,B04,point,1.0,5,True,1.0763888888888884,False,0.01340874737919929,0.01340874737919929
time_only,B04,point,1.0,10,True,1.0763888888888884,False,0.01340874737919929,0.01340874737919929
time_only,B04,point,1.0,20,True,1.0763888888888884,False,0.01340874737919929,0.01340874737919929
time_only,B04,lower_bound,1.0,5,True,5.696944444444444,False,0.8244673070359354,0.8244673070359354
time_only,B04,lower_bound,1.0,10,True,5.696944444444444,False,0.8244673070359354,0.8244673070359354
time_only,B04,lower_bound,1.0,20,True,5.696944444444444,False,0.8244673070359354,0.8244673070359354
time_only,B04,point,2.0,5,True,2.076944444444444,False,0.013506265541957118,0.013506265541957118
time_only,B04,point,2.0,10,True,2.076944444444444,False,0.013506265541957118,0.013506265541957118
time_only,B04,point,2.0,20,True,2.076944444444444,False,0.013506265541957118,0.013506265541957118
time_only,B04,lower_bound,2.0,5,True,5.696944444444444,False,0.6489346140718709,0.6489346140718709
time_only,B04,lower_bound,2.0,10,True,5.696944444444444,False,0.6489346140718709,0.6489346140718709
time_only,B04,lower_bound,2.0,20,True,5.696944444444444,False,0.6489346140718709,0.6489346140718709
time_only,B08,point,0.5,5,True,5.504444444444444,False,0.4710311650282368,0.4710311650282368
time_only,B08,point,0.5,10,True,5.504444444444444,False,0.4710311650282368,0.4710311650282368
time_only,B08,point,0.5,20,True,5.504444444444444,False,0.4710311650282368,0.4710311650282368
time_only,B08,lower_bound,0.5,5,True,8.731388888888889,False,0.7747594645471658,0.7747594645471658
time_only,B08,lower_bound,0.5,10,True,8.731388888888889,False,0.7747594645471658,0.7747594645471658
time_only,B08,lower_bound,0.5,20,True,8.731388888888889,False,0.7747594645471658,0.7747594645471658
time_only,B08,point,1.0,5,True,6.006666666666667,False,0.4712403262915708,0.4712403262915708
time_only,B08,point,1.0,10,True,6.006666666666667,False,0.4712403262915708,0.4712403262915708
time_only,B08,point,1.0,20,True,6.006666666666667,False,0.4712403262915708,0.4712403262915708
time_only,B08,lower_bound,1.0,5,True,9.22888888888889,False,0.7745241581259151,0.7745241581259151
time_only,B08,lower_bound,1.0,10,True,9.22888888888889,False,0.7745241581259151,0.7745241581259151
time_only,B08,lower_bound,1.0,20,True,9.22888888888889,False,0.7745241581259151,0.7745241581259151
time_only,B08,point,2.0,5,True,7.005,False,0.47108345534407026,0.47108345534407026
time_only,B08,point,2.0,10,True,7.005,False,0.47108345534407026,0.47108345534407026
time_only,B08,point,2.0,20,True,7.005,False,0.47108345534407026,0.47108345534407026
time_only,B08,lower_bound,2.0,5,True,10.228055555555557,False,0.7744457226521649,0.7744457226521649
time_only,B08,lower_bound,2.0,10,True,10.228055555555557,False,0.7744457226521649,0.7744457226521649
time_only,B08,lower_bound,2.0,20,True,10.228055555555557,False,0.7744457226521649,0.7744457226521649
time_only,B10,point,0.5,5,True,13.796944444444446,False,0.6999926884550706,0.6999926884550706
time_only,B10,point,0.5,10,True,13.796944444444446,False,0.6999926884550706,0.6999926884550706
time_only,B10,point,0.5,20,True,13.796944444444446,False,0.6999926884550706,0.6999926884550706
time_only,B10,lower_bound,0.5,5,True,16.94361111111111,False,0.8656430503765445,0.8656430503765445
time_only,B10,lower_bound,0.5,10,True,16.94361111111111,False,0.8656430503765445,0.8656430503765445
time_only,B10,lower_bound,0.5,20,True,16.94361111111111,False,0.8656430503765445,0.8656430503765445
time_only,B10,point,1.0,5,True,14.293333333333331,False,0.6998025882869049,0.6998025882869049
time_only,B10,point,1.0,10,True,14.293333333333331,False,0.6998025882869049,0.6998025882869049
time_only,B10,point,1.0,20,True,14.293333333333331,False,0.6998025882869049,0.6998025882869049
time_only,B10,lower_bound,1.0,5,True,17.4425,False,0.865584558017109,0.865584558017109
time_only,B10,lower_bound,1.0,10,True,17.4425,False,0.865584558017109,0.865584558017109
time_only,B10,lower_bound,1.0,20,True,17.4425,False,0.865584558017109,0.865584558017109
time_only,B10,point,2.0,5,True,15.293333333333331,False,0.6998025882869049,0.6998025882869049
time_only,B10,point,2.0,10,True,15.293333333333331,False,0.6998025882869049,0.6998025882869049
time_only,B10,point,2.0,20,True,15.293333333333331,False,0.6998025882869049,0.6998025882869049
time_only,B10,lower_bound,2.0,5,True,18.440555555555555,False,0.8654821963880968,0.8654821963880968
time_only,B10,lower_bound,2.0,10,True,18.440555555555555,False,0.8654821963880968,0.8654821963880968
time_only,B10,lower_bound,2.0,20,True,18.440555555555555,False,0.8654821963880968,0.8654821963880968
time_only,B11,point,0.5,5,True,3.640833333333332,False,0.35524207483741227,0.35524207483741227
time_only,B11,point,0.5,10,True,3.640833333333332,False,0.35524207483741227,0.35524207483741227
time_only,B11,point,0.5,20,True,3.640833333333332,False,0.35524207483741227,0.35524207483741227
time_only,B11,lower_bound,0.5,5,True,8.841388888888888,False,0.9434477991768513,0.9434477991768513
time_only,B11,lower_bound,0.5,10,True,8.841388888888888,False,0.9434477991768513,0.9434477991768513
time_only,B11,lower_bound,0.5,20,True,8.841388888888888,False,0.9434477991768513,0.9434477991768513
time_only,B11,point,1.0,5,True,4.139722222222221,False,0.3551164032800275,0.3551164032800275
time_only,B11,point,1.0,10,True,4.139722222222221,False,0.3551164032800275,0.3551164032800275
time_only,B11,point,1.0,20,True,4.139722222222221,False,0.3551164032800275,0.3551164032800275
time_only,B11,lower_bound,1.0,5,True,8.841388888888888,False,0.8868955983537026,0.8868955983537026
time_only,B11,lower_bound,1.0,10,True,8.841388888888888,False,0.8868955983537026,0.8868955983537026
time_only,B11,lower_bound,1.0,20,True,8.841388888888888,False,0.8868955983537026,0.8868955983537026
time_only,B11,point,2.0,5,True,5.143055555555555,False,0.3554934179521819,0.3554934179521819
time_only,B11,point,2.0,10,True,5.143055555555555,False,0.3554934179521819,0.3554934179521819
time_only,B11,point,2.0,20,True,5.143055555555555,False,0.3554934179521819,0.3554934179521819
time_only,B11,lower_bound,2.0,5,True,8.841388888888888,False,0.7737911967074051,0.7737911967074051
time_only,B11,lower_bound,2.0,10,True,8.841388888888888,False,0.7737911967074051,0.7737911967074051
time_only,B11,lower_bound,2.0,20,True,8.841388888888888,False,0.7737911967074051,0.7737911967074051
time_only,B12,point,0.5,5,False,0.0,True,0.0,5.0
time_only,B12,point,0.5,10,False,0.0,True,0.0,10.0
time_only,B12,point,0.5,20,False,0.0,True,0.0,20.0
time_only,B12,lower_bound,0.5,5,False,0.0,True,0.0,5.0
time_only,B12,lower_bound,0.5,10,False,0.0,True,0.0,10.0
time_only,B12,lower_bound,0.5,20,False,0.0,True,0.0,20.0
time_only,B12,point,1.0,5,False,0.0,True,0.0,5.0
time_only,B12,point,1.0,10,False,0.0,True,0.0,10.0
time_only,B12,point,1.0,20,False,0.0,True,0.0,20.0
time_only,B12,lower_bound,1.0,5,False,0.0,True,0.0,5.0
time_only,B12,lower_bound,1.0,10,False,0.0,True,0.0,10.0
time_only,B12,lower_bound,1.0,20,False,0.0,True,0.0,20.0
time_only,B12,point,2.0,5,False,0.0,True,0.0,5.0
time_only,B12,point,2.0,10,False,0.0,True,0.0,10.0
time_only,B12,point,2.0,20,False,0.0,True,0.0,20.0
time_only,B12,lower_bound,2.0,5,False,0.0,True,0.0,5.0
time_only,B12,lower_bound,2.0,10,False,0.0,True,0.0,10.0
time_only,B12,lower_bound,2.0,20,False,0.0,True,0.0,20.0
time_only,B17,point,0.5,5,True,8.08,False,0.46140579293552697,0.46140579293552697
time_only,B17,point,0.5,10,True,8.08,False,0.46140579293552697,0.46140579293552697
time_only,B17,point,0.5,20,True,8.08,False,0.46140579293552697,0.46140579293552697
time_only,B17,lower_bound,0.5,5,True,13.709722222222222,False,0.8040952976784295,0.8040952976784295
time_only,B17,lower_bound,0.5,10,True,13.709722222222222,False,0.8040952976784295,0.8040952976784295
time_only,B17,lower_bound,0.5,20,True,13.709722222222222,False,0.8040952976784295,0.8040952976784295
time_only,B17,point,1.0,5,True,8.582222222222223,False,0.4615410628836171,0.4615410628836171
time_only,B17,point,1.0,10,True,8.582222222222223,False,0.4615410628836171,0.4615410628836171
time_only,B17,point,1.0,20,True,8.582222222222223,False,0.4615410628836171,0.4615410628836171
time_only,B17,lower_bound,1.0,5,True,14.210277777777778,False,0.804129115165452,0.804129115165452
time_only,B17,lower_bound,1.0,10,True,14.210277777777778,False,0.804129115165452,0.804129115165452
time_only,B17,lower_bound,1.0,20,True,14.210277777777778,False,0.804129115165452,0.804129115165452
time_only,B17,point,2.0,5,True,9.585277777777778,False,0.4617270590622411,0.4617270590622411
time_only,B17,point,2.0,10,True,9.585277777777778,False,0.4617270590622411,0.4617270590622411
time_only,B17,point,2.0,20,True,9.585277777777778,False,0.4617270590622411,0.4617270590622411
time_only,B17,lower_bound,2.0,5,True,15.2075,False,0.8039600277303394,0.8039600277303394
time_only,B17,lower_bound,2.0,10,True,15.2075,False,0.8039600277303394,0.8039600277303394
time_only,B17,lower_bound,2.0,20,True,15.2075,False,0.8039600277303394,0.8039600277303394
always_action,B02,control,0.5,5,True,5.616944444444444,False,0.9109836308787894,0.9109836308787894
never_action,B02,control,0.5,5,False,0.0,True,0.0,5.0
always_action,B02,control,0.5,10,True,5.616944444444444,False,0.9109836308787894,0.9109836308787894
never_action,B02,control,0.5,10,False,0.0,True,0.0,10.0
always_action,B02,control,0.5,20,True,5.616944444444444,False,0.9109836308787894,0.9109836308787894
never_action,B02,control,0.5,20,False,0.0,True,0.0,20.0
always_action,B02,control,1.0,5,True,5.616944444444444,False,0.8219672617575787,0.8219672617575787
never_action,B02,control,1.0,5,False,0.0,True,0.0,5.0
always_action,B02,control,1.0,10,True,5.616944444444444,False,0.8219672617575787,0.8219672617575787
never_action,B02,control,1.0,10,False,0.0,True,0.0,10.0
always_action,B02,control,1.0,20,True,5.616944444444444,False,0.8219672617575787,0.8219672617575787
never_action,B02,control,1.0,20,False,0.0,True,0.0,20.0
always_action,B02,control,2.0,5,True,5.616944444444444,False,0.6439345235151575,0.6439345235151575
never_action,B02,control,2.0,5,False,0.0,True,0.0,5.0
always_action,B02,control,2.0,10,True,5.616944444444444,False,0.6439345235151575,0.6439345235151575
never_action,B02,control,2.0,10,False,0.0,True,0.0,10.0
always_action,B02,control,2.0,20,True,5.616944444444444,False,0.6439345235151575,0.6439345235151575
never_action,B02,control,2.0,20,False,0.0,True,0.0,20.0
always_action,B03,control,0.5,5,True,3.2158333333333333,False,0.8445193055195647,0.8445193055195647
never_action,B03,control,0.5,5,False,0.0,True,0.0,5.0
always_action,B03,control,0.5,10,True,3.2158333333333333,False,0.8445193055195647,0.8445193055195647
never_action,B03,control,0.5,10,False,0.0,True,0.0,10.0
always_action,B03,control,0.5,20,True,3.2158333333333333,False,0.8445193055195647,0.8445193055195647
never_action,B03,control,0.5,20,False,0.0,True,0.0,20.0
always_action,B03,control,1.0,5,True,3.2158333333333333,False,0.6890386110391293,0.6890386110391293
never_action,B03,control,1.0,5,False,0.0,True,0.0,5.0
always_action,B03,control,1.0,10,True,3.2158333333333333,False,0.6890386110391293,0.6890386110391293
never_action,B03,control,1.0,10,False,0.0,True,0.0,10.0
always_action,B03,control,1.0,20,True,3.2158333333333333,False,0.6890386110391293,0.6890386110391293
never_action,B03,control,1.0,20,False,0.0,True,0.0,20.0
always_action,B03,control,2.0,5,True,3.2158333333333333,False,0.3780772220782586,0.3780772220782586
never_action,B03,control,2.0,5,False,0.0,True,0.0,5.0
always_action,B03,control,2.0,10,True,3.2158333333333333,False,0.3780772220782586,0.3780772220782586
never_action,B03,control,2.0,10,False,0.0,True,0.0,10.0
always_action,B03,control,2.0,20,True,3.2158333333333333,False,0.3780772220782586,0.3780772220782586
never_action,B03,control,2.0,20,False,0.0,True,0.0,20.0
always_action,B04,control,0.5,5,True,5.696944444444444,False,0.9122336535179677,0.9122336535179677
never_action,B04,control,0.5,5,False,0.0,True,0.0,5.0
always_action,B04,control,0.5,10,True,5.696944444444444,False,0.9122336535179677,0.9122336535179677
never_action,B04,control,0.5,10,False,0.0,True,0.0,10.0
always_action,B04,control,0.5,20,True,5.696944444444444,False,0.9122336535179677,0.9122336535179677
never_action,B04,control,0.5,20,False,0.0,True,0.0,20.0
always_action,B04,control,1.0,5,True,5.696944444444444,False,0.8244673070359354,0.8244673070359354
never_action,B04,control,1.0,5,False,0.0,True,0.0,5.0
always_action,B04,control,1.0,10,True,5.696944444444444,False,0.8244673070359354,0.8244673070359354
never_action,B04,control,1.0,10,False,0.0,True,0.0,10.0
always_action,B04,control,1.0,20,True,5.696944444444444,False,0.8244673070359354,0.8244673070359354
never_action,B04,control,1.0,20,False,0.0,True,0.0,20.0
always_action,B04,control,2.0,5,True,5.696944444444444,False,0.6489346140718709,0.6489346140718709
never_action,B04,control,2.0,5,False,0.0,True,0.0,5.0
always_action,B04,control,2.0,10,True,5.696944444444444,False,0.6489346140718709,0.6489346140718709
never_action,B04,control,2.0,10,False,0.0,True,0.0,10.0
always_action,B04,control,2.0,20,True,5.696944444444444,False,0.6489346140718709,0.6489346140718709
never_action,B04,control,2.0,20,False,0.0,True,0.0,20.0
always_action,B08,control,0.5,5,True,10.624444444444444,False,0.9529387157498431,0.9529387157498431
never_action,B08,control,0.5,5,False,0.0,True,0.0,5.0
always_action,B08,control,0.5,10,True,10.624444444444444,False,0.9529387157498431,0.9529387157498431
never_action,B08,control,0.5,10,False,0.0,True,0.0,10.0
always_action,B08,control,0.5,20,True,10.624444444444444,False,0.9529387157498431,0.9529387157498431
never_action,B08,control,0.5,20,False,0.0,True,0.0,20.0
always_action,B08,control,1.0,5,True,10.624444444444444,False,0.9058774314996862,0.9058774314996862
never_action,B08,control,1.0,5,False,0.0,True,0.0,5.0
always_action,B08,control,1.0,10,True,10.624444444444444,False,0.9058774314996862,0.9058774314996862
never_action,B08,control,1.0,10,False,0.0,True,0.0,10.0
always_action,B08,control,1.0,20,True,10.624444444444444,False,0.9058774314996862,0.9058774314996862
never_action,B08,control,1.0,20,False,0.0,True,0.0,20.0
always_action,B08,control,2.0,5,True,10.624444444444444,False,0.8117548629993725,0.8117548629993725
never_action,B08,control,2.0,5,False,0.0,True,0.0,5.0
always_action,B08,control,2.0,10,True,10.624444444444444,False,0.8117548629993725,0.8117548629993725
never_action,B08,control,2.0,10,False,0.0,True,0.0,10.0
always_action,B08,control,2.0,20,True,10.624444444444444,False,0.8117548629993725,0.8117548629993725
never_action,B08,control,2.0,20,False,0.0,True,0.0,20.0
always_action,B10,control,0.5,5,True,18.995833333333334,False,0.973678438254003,0.973678438254003
never_action,B10,control,0.5,5,False,0.0,True,0.0,5.0
always_action,B10,control,0.5,10,True,18.995833333333334,False,0.973678438254003,0.973678438254003
never_action,B10,control,0.5,10,False,0.0,True,0.0,10.0
always_action,B10,control,0.5,20,True,18.995833333333334,False,0.973678438254003,0.973678438254003
never_action,B10,control,0.5,20,False,0.0,True,0.0,20.0
always_action,B10,control,1.0,5,True,18.995833333333334,False,0.9473568765080062,0.9473568765080062
never_action,B10,control,1.0,5,False,0.0,True,0.0,5.0
always_action,B10,control,1.0,10,True,18.995833333333334,False,0.9473568765080062,0.9473568765080062
never_action,B10,control,1.0,10,False,0.0,True,0.0,10.0
always_action,B10,control,1.0,20,True,18.995833333333334,False,0.9473568765080062,0.9473568765080062
never_action,B10,control,1.0,20,False,0.0,True,0.0,20.0
always_action,B10,control,2.0,5,True,18.995833333333334,False,0.8947137530160123,0.8947137530160123
never_action,B10,control,2.0,5,False,0.0,True,0.0,5.0
always_action,B10,control,2.0,10,True,18.995833333333334,False,0.8947137530160123,0.8947137530160123
never_action,B10,control,2.0,10,False,0.0,True,0.0,10.0
always_action,B10,control,2.0,20,True,18.995833333333334,False,0.8947137530160123,0.8947137530160123
never_action,B10,control,2.0,20,False,0.0,True,0.0,20.0
always_action,B11,control,0.5,5,True,8.841388888888888,False,0.9434477991768513,0.9434477991768513
never_action,B11,control,0.5,5,False,0.0,True,0.0,5.0
always_action,B11,control,0.5,10,True,8.841388888888888,False,0.9434477991768513,0.9434477991768513
never_action,B11,control,0.5,10,False,0.0,True,0.0,10.0
always_action,B11,control,0.5,20,True,8.841388888888888,False,0.9434477991768513,0.9434477991768513
never_action,B11,control,0.5,20,False,0.0,True,0.0,20.0
always_action,B11,control,1.0,5,True,8.841388888888888,False,0.8868955983537026,0.8868955983537026
never_action,B11,control,1.0,5,False,0.0,True,0.0,5.0
always_action,B11,control,1.0,10,True,8.841388888888888,False,0.8868955983537026,0.8868955983537026
never_action,B11,control,1.0,10,False,0.0,True,0.0,10.0
always_action,B11,control,1.0,20,True,8.841388888888888,False,0.8868955983537026,0.8868955983537026
never_action,B11,control,1.0,20,False,0.0,True,0.0,20.0
always_action,B11,control,2.0,5,True,8.841388888888888,False,0.7737911967074051,0.7737911967074051
never_action,B11,control,2.0,5,False,0.0,True,0.0,5.0
always_action,B11,control,2.0,10,True,8.841388888888888,False,0.7737911967074051,0.7737911967074051
never_action,B11,control,2.0,10,False,0.0,True,0.0,10.0
always_action,B11,control,2.0,20,True,8.841388888888888,False,0.7737911967074051,0.7737911967074051
never_action,B11,control,2.0,20,False,0.0,True,0.0,20.0
always_action,B12,control,0.5,5,True,2.55,False,0.803921568627451,0.803921568627451
never_action,B12,control,0.5,5,False,0.0,True,0.0,5.0
always_action,B12,control,0.5,10,True,2.55,False,0.803921568627451,0.803921568627451
never_action,B12,control,0.5,10,False,0.0,True,0.0,10.0
always_action,B12,control,0.5,20,True,2.55,False,0.803921568627451,0.803921568627451
never_action,B12,control,0.5,20,False,0.0,True,0.0,20.0
always_action,B12,control,1.0,5,True,2.55,False,0.6078431372549019,0.6078431372549019
never_action,B12,control,1.0,5,False,0.0,True,0.0,5.0
always_action,B12,control,1.0,10,True,2.55,False,0.6078431372549019,0.6078431372549019
never_action,B12,control,1.0,10,False,0.0,True,0.0,10.0
always_action,B12,control,1.0,20,True,2.55,False,0.6078431372549019,0.6078431372549019
never_action,B12,control,1.0,20,False,0.0,True,0.0,20.0
always_action,B12,control,2.0,5,True,2.55,False,0.21568627450980388,0.21568627450980388
never_action,B12,control,2.0,5,False,0.0,True,0.0,5.0
always_action,B12,control,2.0,10,True,2.55,False,0.21568627450980388,0.21568627450980388
never_action,B12,control,2.0,10,False,0.0,True,0.0,10.0
always_action,B12,control,2.0,20,True,2.55,False,0.21568627450980388,0.21568627450980388
never_action,B12,control,2.0,20,False,0.0,True,0.0,20.0
always_action,B17,control,0.5,5,True,16.428055555555556,False,0.9695642616797145,0.9695642616797145
never_action,B17,control,0.5,5,False,0.0,True,0.0,5.0
always_action,B17,control,0.5,10,True,16.428055555555556,False,0.9695642616797145,0.9695642616797145
never_action,B17,control,0.5,10,False,0.0,True,0.0,10.0
always_action,B17,control,0.5,20,True,16.428055555555556,False,0.9695642616797145,0.9695642616797145
never_action,B17,control,0.5,20,False,0.0,True,0.0,20.0
always_action,B17,control,1.0,5,True,16.428055555555556,False,0.9391285233594292,0.9391285233594292
never_action,B17,control,1.0,5,False,0.0,True,0.0,5.0
always_action,B17,control,1.0,10,True,16.428055555555556,False,0.9391285233594292,0.9391285233594292
never_action,B17,control,1.0,10,False,0.0,True,0.0,10.0
always_action,B17,control,1.0,20,True,16.428055555555556,False,0.9391285233594292,0.9391285233594292
never_action,B17,control,1.0,20,False,0.0,True,0.0,20.0
always_action,B17,control,2.0,5,True,16.428055555555556,False,0.8782570467188583,0.8782570467188583
never_action,B17,control,2.0,5,False,0.0,True,0.0,5.0
always_action,B17,control,2.0,10,True,16.428055555555556,False,0.8782570467188583,0.8782570467188583
never_action,B17,control,2.0,10,False,0.0,True,0.0,10.0
always_action,B17,control,2.0,20,True,16.428055555555556,False,0.8782570467188583,0.8782570467188583
never_action,B17,control,2.0,20,False,0.0,True,0.0,20.0
